id_proyecto,nombre_proyecto,id_cliente,fecha_inicio_estimada,fecha_fin_estimada,fecha_inicio_real,fecha_fin_real,estado,presupuesto_estimado,presupuesto_real,valor_venta,ganancias,horas_estimadas,horas_totales,prioridad,id_metodologia
1,Proy-2019-visualiza,12,2019-05-01,2019-08-05,2019-05-08,2019-07-10,cancelado,184320,0,273538.04,0.0,3840,0,media,5
2,Proy-2022-crece,6,2022-10-18,2023-09-29,2022-10-23,2023-12-19,finalizado,747360,680184,1118984.79,438800.79,13840,12596,alta,5
3,Proy-2019-sinergiza,17,2019-07-27,2020-02-11,2019-07-22,2020-02-17,finalizado,229248,218736,357103.86,138367.86,4776,4557,alta,1
4,Proy-2016-redefine,6,2016-03-25,2016-12-10,2016-03-28,2017-02-03,finalizado,349440,384468,521978.65,137510.65,8320,9154,baja,2
5,Proy-2022-empodera,12,2022-08-24,2022-10-25,2022-09-02,2022-11-03,finalizado,214272,277722,341733.22,64011.22,3968,5143,media,5
6,Proy-2016-innova,1,2016-11-03,2017-01-10,2016-11-09,2017-01-13,finalizado,114240,126378,180815.85,54437.85,2720,3009,alta,5
7,Proy-2023-habilita,9,2023-07-31,2024-01-28,2023-08-03,2024-01-14,finalizado,405440,408632,615688.73,207056.73,7240,7297,media,4
8,Proy-2020-implementa,18,2020-03-06,2020-11-23,2020-03-03,2021-01-14,finalizado,314400,327050,456043.23,128993.23,6288,6541,baja,1
9,Proy-2020-incentiva,12,2020-07-06,2020-10-15,2020-07-01,2020-10-18,finalizado,161600,187600,214728.48,27128.48,3232,3752,media,2
10,Proy-2025-orquesta,7,2025-09-05,2026-03-13,2025-09-06,,en curso,635040,0,850425.37,0.0,10584,0,baja,1
11,Proy-2017-implementa,12,2017-02-07,2017-12-12,2017-02-07,2017-05-12,cancelado,433664,0,692934.52,0.0,9856,0,media,1
12,Proy-2020-abraza,10,2020-06-22,2020-11-25,2020-06-17,2020-11-26,finalizado,374400,360650,501913.68,141263.68,7488,7213,baja,5
13,Proy-2016-abraza,13,2016-11-20,2017-08-10,2016-11-26,2017-11-08,finalizado,530208,500556,764999.75,264443.75,12624,11918,baja,1
14,Proy-2022-redefine,15,2022-12-15,2023-02-18,2022-12-10,2023-03-08,finalizado,168480,171342,265998.88,94656.88,3120,3173,media,2
15,Proy-2017-modifica,1,2017-05-23,2018-01-19,2017-05-28,2018-03-25,finalizado,678656,867240,1019739.02,152499.02,15424,19710,baja,2
16,Proy-2016-incentiva,19,2016-05-01,2017-02-10,2016-05-02,2017-04-03,finalizado,766080,994854,1027053.34,32199.34,18240,23687,media,2
17,Proy-2021-compromete,19,2021-05-17,2022-02-07,2021-05-20,2022-02-07,finalizado,331968,346424,525822.53,179398.53,6384,6662,media,3
18,Proy-2022-transforma,10,2022-05-08,2022-09-23,2022-05-18,2022-11-18,finalizado,417312,387936,553196.32,165260.32,7728,7184,baja,4
19,Proy-2020-maximiza,18,2020-09-19,2021-01-18,2020-09-27,2021-02-26,finalizado,290400,357100,456565.57,99465.57,5808,7142,media,2
20,Proy-2017-crece,7,2017-09-07,2017-11-05,2017-09-16,2017-10-03,cancelado,166144,0,252065.03,0.0,3776,0,media,1
21,Proy-2016-utiliza,16,2016-09-03,2017-06-06,2016-09-06,2017-08-12,finalizado,463680,585228,741569.33,156341.33,11040,13934,baja,2
22,Proy-2020-incentiva,9,2020-11-22,2021-07-13,2020-11-26,2021-07-03,finalizado,652400,590150,1020853.97,430703.97,13048,11803,media,1
23,Proy-2019-visualiza,13,2019-09-04,2020-05-02,2019-09-10,2020-04-28,finalizado,370176,460320,580068.5,119748.5,7712,9590,media,4
24,Proy-2017-transforma,15,2017-02-07,2017-07-16,2017-02-07,2017-08-22,finalizado,447744,447480,650084.26,202604.26,10176,10170,baja,3
25,Proy-2017-compromete,4,2017-09-01,2018-07-19,2017-09-10,2018-07-17,finalizado,790944,851752,1262523.45,410771.45,17976,19358,baja,3
26,Proy-2023-empodera,16,2023-07-15,2024-01-21,2023-07-14,2024-03-23,finalizado,510720,631456,700143.14,68687.14,9120,11276,alta,5
27,Proy-2022-transiciona,18,2022-08-10,2023-01-04,2022-08-17,2023-01-15,finalizado,508032,578934,685822.0,106888.0,9408,10721,baja,3
28,Proy-2024-incuba,4,2024-05-07,2025-04-28,2024-05-08,2025-06-06,finalizado,1156288,1292414,1725584.09,433170.09,19936,22283,media,5
29,Proy-2020-utiliza,12,2020-12-09,2021-05-24,2020-12-10,2021-06-23,finalizado,332000,365350,487084.94,121734.94,6640,7307,media,2
30,Proy-2017-maneja,8,2017-08-16,2018-04-20,2017-08-25,2018-06-25,finalizado,608608,739508,921358.67,181850.67,13832,16807,baja,4
31,Proy-2025-fortalece,9,2025-07-16,2025-12-03,2025-07-18,,en curso,201600,0,321913.98,0.0,3360,0,baja,5
32,Proy-2024-reinventa,5,2024-06-25,2024-10-15,2024-06-27,2024-10-26,finalizado,311808,386164,435086.33,48922.33,5376,6658,media,3
33,Proy-2021-habilita,17,2021-10-12,2022-06-30,2021-10-13,2022-06-05,cancelado,542880,0,854532.31,0.0,10440,0,baja,2
34,Proy-2017-maximiza,12,2017-08-18,2018-05-04,2017-08-24,2018-06-09,finalizado,273504,330440,409046.65,78606.65,6216,7510,alta,5
35,Proy-2022-mezcla,12,2022-06-24,2023-02-13,2022-07-02,2023-02-28,finalizado,707616,792234,999897.2,207663.2,13104,14671,media,2
36,Proy-2023-compromete,2,2023-04-10,2023-06-25,2023-04-14,2023-07-20,finalizado,204288,199472,306835.22,107363.22,3648,3562,alta,5
37,Proy-2025-revoluciona,5,2025-10-24,2026-01-27,2025-11-03,,en curso,273600,0,417159.44,0.0,4560,0,alta,5
38,Proy-2025-transiciona,9,2025-01-01,2025-06-01,2024-12-30,2025-07-20,finalizado,210192,258854,281735.2,22881.2,3624,4463,media,4
39,Proy-2024-revoluciona,15,2024-08-05,2025-07-18,2024-08-12,2025-07-05,finalizado,1127056,1306508,1472749.23,166241.23,19432,22526,alta,5
40,Proy-2020-implementa,17,2020-02-28,2020-08-28,2020-03-02,2020-10-12,finalizado,509600,547050,729448.14,182398.14,10192,10941,alta,2
41,Proy-2024-innova,16,2024-08-18,2024-12-04,2024-08-22,2024-12-18,finalizado,300672,378856,476495.98,97639.98,5184,6532,baja,4
42,Proy-2019-integra,12,2019-10-07,2020-06-06,2019-10-17,2020-08-02,finalizado,279936,256656,394132.82,137476.82,5832,5347,baja,1
43,Proy-2023-entrega,3,2023-01-26,2023-07-15,2023-01-29,2023-08-18,finalizado,533120,520632,801702.64,281070.64,9520,9297,alta,1
44,Proy-2023-libera,9,2023-07-27,2023-10-10,2023-07-24,2023-10-21,finalizado,134400,130984,191681.73,60697.73,2400,2339,alta,3
45,Proy-2015-cultiva,1,2015-12-21,2016-04-25,2015-12-20,2016-05-02,finalizado,241920,246800,330709.51,83909.51,6048,6170,alta,4
46,Proy-2024-maximiza,9,2024-07-08,2025-04-27,2024-07-04,2025-08-17,finalizado,679760,810666,943208.62,132542.62,11720,13977,media,1
47,Proy-2018-recontextualiza,12,2018-12-12,2019-06-06,2018-12-19,2019-06-22,finalizado,194304,182528,293647.48,111119.48,4224,3968,baja,5
48,Proy-2024-monetiza,19,2024-02-03,2024-11-10,2024-02-03,2024-03-26,cancelado,1043072,0,1471770.08,0.0,17984,0,alta,3
49,Proy-2016-revoluciona,7,2016-09-02,2017-01-09,2016-08-28,2017-01-20,finalizado,346752,366324,531451.48,165127.48,8256,8722,alta,1
50,Proy-2022-implementa,12,2022-11-16,2023-10-17,2022-11-14,2023-09-12,finalizado,434160,515268,627289.99,112021.99,8040,9542,alta,4
51,Proy-2020-explota,10,2020-12-30,2021-02-05,2020-12-27,2021-02-02,finalizado,44400,45200,58846.14,13646.14,888,904,baja,5
52,Proy-2021-maximiza,17,2021-04-20,2022-04-16,2021-04-28,2022-08-11,finalizado,600704,586404,891911.95,305507.95,11552,11277,baja,1
53,Proy-2016-modifica,12,2016-07-04,2017-02-06,2016-07-07,2017-02-08,finalizado,583296,716940,808162.89,91222.89,13888,17070,baja,5
54,Proy-2019-evoluciona,19,2019-08-18,2019-12-29,2019-08-28,2020-02-12,finalizado,204288,213312,288154.73,74842.73,4256,4444,media,1
55,Proy-2017-explota,17,2017-05-26,2018-02-22,2017-05-29,2018-03-24,finalizado,287232,338184,447008.74,108824.74,6528,7686,alta,3
56,Proy-2017-evoluciona,5,2017-06-11,2018-03-25,2017-06-19,2018-06-28,finalizado,505120,552948,735725.88,182777.88,11480,12567,alta,3
57,Proy-2025-mejora,3,2025-06-28,2026-05-19,2025-06-24,2026-07-24,finalizado,468000,570300,648521.14,78221.14,7800,9505,alta,1
58,Proy-2021-fortalece,9,2021-09-30,2022-05-01,2021-10-04,2022-07-14,finalizado,265824,310336,393730.25,83394.25,5112,5968,media,5
59,Proy-2021-crece,18,2021-08-29,2022-05-25,2021-09-08,2022-09-04,finalizado,783328,799656,1034365.94,234709.94,15064,15378,alta,5
60,Proy-2018-monetiza,17,2018-08-10,2018-09-26,2018-08-10,2018-09-25,finalizado,86480,95542,130752.91,35210.91,1880,2077,alta,2
61,Proy-2016-agrega,11,2016-07-28,2016-09-08,2016-07-28,2016-09-18,finalizado,98784,90930,131465.22,40535.22,2352,2165,media,5
62,Proy-2021-sintetiza,4,2021-03-24,2021-07-21,2021-03-31,2021-09-02,finalizado,198016,212992,286488.27,73496.27,3808,4096,alta,5
63,Proy-2021-crea,3,2021-01-05,2021-07-24,2021-01-01,2021-09-18,finalizado,416000,426504,585762.91,159258.91,8000,8202,alta,2
64,Proy-2024-recontextualiza,8,2024-10-15,2024-12-27,2024-10-14,2025-01-01,finalizado,169360,187630,242642.48,55012.48,2920,3235,media,5
65,Proy-2021-habilita,14,2021-02-07,2021-07-25,2021-02-14,2021-07-18,cancelado,279552,0,410029.49,0.0,5376,0,baja,1
66,Proy-2016-optimiza,6,2016-09-14,2017-01-13,2016-09-13,2017-01-11,finalizado,284592,275814,387184.58,111370.58,6776,6567,alta,4
67,Proy-2023-agrega,17,2023-02-03,2023-09-13,2023-02-05,2023-10-26,finalizado,497280,569464,759971.17,190507.17,8880,10169,alta,1
68,Proy-2020-mezcla,12,2020-04-03,2021-01-14,2020-04-10,2021-01-29,finalizado,915200,947000,1303614.6,356614.6,18304,18940,baja,4
69,Proy-2019-sintetiza,16,2019-10-01,2020-09-05,2019-10-04,2020-09-29,finalizado,1044480,1306464,1598827.08,292363.08,21760,27218,alta,2
70,Proy-2019-genera,19,2019-06-20,2019-11-05,2019-06-18,2019-11-12,finalizado,423936,481824,618322.29,136498.29,8832,10038,media,5
71,Proy-2023-genera,2,2023-04-24,2024-02-12,2023-04-22,2024-04-30,finalizado,658560,719040,892292.13,173252.13,11760,12840,media,3
72,Proy-2019-modifica,16,2019-05-31,2019-10-09,2019-05-28,2019-11-03,finalizado,150912,151440,219206.29,67766.29,3144,3155,baja,5
73,Proy-2017-facilita,2,2017-09-11,2017-11-07,2017-09-06,2017-11-04,finalizado,120384,128612,184570.05,55958.05,2736,2923,media,4
74,Proy-2020-reinventa,7,2020-01-10,2020-03-11,2020-01-11,2020-04-04,finalizado,146400,172650,201961.35,29311.35,2928,3453,media,5
75,Proy-2024-entrega,6,2024-07-30,2025-01-28,2024-07-26,2025-01-12,finalizado,422240,453908,596594.61,142686.61,7280,7826,baja,4
76,Proy-2016-incuba,5,2016-10-17,2017-05-17,2016-10-27,2017-07-26,finalizado,427392,418530,633097.79,214567.79,10176,9965,alta,2
77,Proy-2020-entrega,2,2020-08-02,2021-04-24,2020-08-10,2021-07-07,finalizado,636000,701600,967295.68,265695.68,12720,14032,alta,4
78,Proy-2021-empodera,12,2021-01-29,2021-03-20,2021-01-29,2021-04-07,finalizado,104000,131820,146627.37,14807.37,2000,2535,media,4
79,Proy-2022-abraza,2,2022-03-20,2022-09-05,2022-03-25,2022-09-24,finalizado,438048,456732,655767.94,199035.94,8112,8458,alta,5
80,Proy-2018-explota,18,2018-04-01,2019-03-07,2018-04-11,2019-06-07,finalizado,625600,637330,861678.9,224348.9,13600,13855,media,2
81,Proy-2018-revoluciona,7,2018-08-19,2019-06-12,2018-08-28,2019-08-06,finalizado,765072,757850,1013405.31,255555.31,16632,16475,media,1
82,Proy-2019-cultiva,6,2019-07-13,2020-05-01,2019-07-18,2020-06-30,finalizado,900096,1154976,1374207.32,219231.32,18752,24062,media,3
83,Proy-2024-entrega,3,2024-01-22,2024-04-18,2024-01-18,2024-04-28,finalizado,201840,215586,269567.01,53981.01,3480,3717,alta,3
84,Proy-2016-transiciona,10,2016-11-21,2017-01-11,2016-11-30,2017-01-21,finalizado,119952,140910,172942.03,32032.03,2856,3355,baja,5
85,Proy-2021-monetiza,13,2021-12-24,2022-12-12,2021-12-21,2023-01-14,finalizado,1027936,961584,1451122.97,489538.97,19768,18492,alta,5
86,Proy-2020-implementa,19,2020-04-30,2021-03-28,2020-05-07,2021-06-11,finalizado,398400,419750,588076.8,168326.8,7968,8395,alta,2
87,Proy-2018-mezcla,17,2018-03-13,2018-11-11,2018-03-09,2018-11-30,finalizado,625968,614146,976427.83,362281.83,13608,13351,media,3
88,Proy-2017-incentiva,4,2017-05-30,2018-01-05,2017-05-28,2018-01-22,finalizado,464640,486288,616893.35,130605.35,10560,11052,baja,4
89,Proy-2018-incentiva,10,2018-05-28,2018-11-25,2018-06-02,2018-12-25,finalizado,199824,241592,305307.84,63715.84,4344,5252,media,5
90,Proy-2018-explota,18,2018-12-25,2019-07-11,2019-01-03,2019-07-01,finalizado,532224,589104,776918.57,187814.57,11088,12273,alta,3
91,Proy-2018-itera,3,2018-12-09,2019-04-21,2018-12-09,2019-05-09,finalizado,244720,220570,343642.43,123072.43,5320,4795,media,3
92,Proy-2016-visualiza,2,2016-10-04,2017-05-15,2016-09-29,2017-06-24,finalizado,224784,281484,333494.4,52010.4,5352,6702,alta,5
93,Proy-2019-evoluciona,2,2019-05-08,2019-12-08,2019-05-15,2020-02-13,finalizado,575232,658512,762521.3,104009.3,11984,13719,alta,2
94,Proy-2017-sintetiza,17,2017-06-12,2017-11-06,2017-06-14,2018-01-01,finalizado,362208,362604,493101.04,130497.04,8232,8241,alta,3
95,Proy-2018-cultiva,15,2018-05-25,2018-09-13,2018-06-02,2018-11-03,finalizado,122544,155204,195554.92,40350.92,2664,3374,alta,2
96,Proy-2024-visualiza,14,2024-03-01,2024-06-01,2024-02-26,2024-05-30,finalizado,170752,198824,263097.52,64273.52,2944,3428,alta,3
97,Proy-2024-sintetiza,17,2024-04-20,2024-10-04,2024-04-27,2024-11-20,finalizado,542416,592934,859957.75,267023.75,9352,10223,media,5
98,Proy-2017-entrega,12,2017-04-21,2017-11-25,2017-04-28,2018-02-07,finalizado,383680,448272,612693.55,164421.55,8720,10188,media,3
99,Proy-2023-facilita,2,2023-03-10,2023-08-29,2023-03-19,2023-09-19,finalizado,462336,579040,705590.85,126550.85,8256,10340,alta,4
100,Proy-2023-explota,2,2023-05-11,2023-12-06,2023-05-12,2023-12-16,finalizado,374528,403424,527632.43,124208.43,6688,7204,alta,1
101,Proy-2020-evoluciona,13,2020-03-27,2021-03-16,2020-04-04,2021-04-27,finalizado,991200,1227350,1468759.35,241409.35,19824,24547,media,5
102,Proy-2022-extiende,20,2022-11-02,2023-10-18,2022-10-28,2024-01-23,finalizado,907200,1019088,1203101.42,184013.42,16800,18872,alta,5
103,Proy-2019-agrega,10,2019-01-12,2019-12-01,2019-01-11,2019-12-13,finalizado,496128,477456,731911.64,254455.64,10336,9947,alta,5
104,Proy-2017-redefine,6,2017-12-12,2018-01-31,2017-12-22,2018-02-18,finalizado,140800,132264,218395.92,86131.92,3200,3006,baja,1
105,Proy-2016-mejora,13,2016-05-31,2016-12-07,2016-06-02,2017-01-27,finalizado,510720,590940,695035.97,104095.97,12160,14070,baja,3
106,Proy-2017-habilita,13,2017-01-26,2017-06-08,2017-01-28,2017-05-02,cancelado,140448,0,222477.77,0.0,3192,0,baja,4
107,Proy-2024-empodera,13,2024-09-16,2024-11-21,2024-09-21,2024-11-27,finalizado,244992,314012,384466.17,70454.17,4224,5414,alta,2
108,Proy-2025-sintetiza,13,2025-04-26,2026-03-26,2025-04-25,2026-03-02,finalizado,801600,935580,1161685.65,226105.65,13360,15593,alta,4
109,Proy-2021-facilita,13,2021-02-19,2021-10-02,2021-02-18,2021-10-16,finalizado,280800,320424,429341.33,108917.33,5400,6162,baja,1
110,Proy-2015-innova,7,2015-12-12,2016-08-02,2015-12-17,2016-08-18,finalizado,449280,498800,607375.14,108575.14,11232,12470,alta,5
111,Proy-2019-utiliza,8,2019-03-20,2019-06-27,2019-03-17,2019-06-29,finalizado,266112,341712,369312.5,27600.5,5544,7119,alta,2
112,Proy-2021-empodera,11,2021-09-24,2022-04-30,2021-10-01,2022-07-08,finalizado,453440,442208,605370.87,163162.87,8720,8504,baja,4
113,Proy-2020-monetiza,3,2020-06-07,2020-12-09,2020-06-03,2020-11-18,finalizado,370000,457650,503818.28,46168.28,7400,9153,baja,3
114,Proy-2022-integra,16,2022-11-09,2023-08-23,2022-11-13,2023-09-08,finalizado,371952,434214,576463.35,142249.35,6888,8041,baja,4
115,Proy-2024-revoluciona,3,2024-08-26,2024-09-28,2024-08-31,2024-09-25,cancelado,45936,0,62261.94,0.0,792,0,media,1
116,Proy-2019-transforma,2,2019-09-17,2020-05-19,2019-09-15,2020-04-29,finalizado,470400,554544,674794.38,120250.38,9800,11553,media,2
117,Proy-2024-implementa,6,2024-07-30,2024-10-26,2024-08-09,2024-11-30,finalizado,244992,286288,389896.79,103608.79,4224,4936,media,2
118,Proy-2019-extiende,12,2019-01-07,2019-08-05,2019-01-03,2019-08-08,finalizado,241920,290352,381064.84,90712.84,5040,6049,baja,4
119,Proy-2018-transiciona,6,2018-10-05,2019-09-08,2018-10-13,2019-09-11,finalizado,497536,541696,691144.0,149448.0,10816,11776,media,5
120,Proy-2017-incuba,5,2017-09-22,2018-04-07,2017-09-21,2018-03-31,finalizado,208032,189376,331580.69,142204.69,4728,4304,alta,4
121,Proy-2017-sinergiza,12,2017-06-06,2017-07-28,2017-06-03,2017-08-12,finalizado,91520,96580,144320.78,47740.78,2080,2195,baja,4
122,Proy-2018-transiciona,8,2018-01-24,2018-12-22,2018-01-30,2019-01-18,finalizado,366528,390264,534047.32,143783.32,7968,8484,baja,1
123,Proy-2019-revoluciona,15,2019-09-18,2019-12-15,2019-09-21,2019-12-21,finalizado,202752,227712,292515.42,64803.42,4224,4744,media,3
124,Proy-2018-modifica,8,2018-02-14,2019-02-07,2018-02-19,2019-04-06,finalizado,922208,873264,1411295.18,538031.18,20048,18984,media,5
125,Proy-2020-modifica,10,2020-08-01,2021-06-30,2020-07-27,2021-08-28,finalizado,799200,954250,1193076.96,238826.96,15984,19085,media,4
126,Proy-2024-innova,14,2024-04-21,2024-06-30,2024-04-30,2024-07-20,finalizado,259840,253692,388017.88,134325.88,4480,4374,media,1
127,Proy-2019-incuba,16,2019-12-06,2020-02-26,2019-12-16,2020-03-28,finalizado,188928,211872,259764.42,47892.42,3936,4414,alta,2
128,Proy-2019-reinventa,15,2019-11-14,2020-01-05,2019-11-24,2020-01-27,finalizado,139776,166320,204149.49,37829.49,2912,3465,baja,4
129,Proy-2020-evoluciona,9,2020-01-17,2021-01-06,2020-01-21,2021-01-03,finalizado,426000,396350,578882.14,182532.14,8520,7927,baja,4
130,Proy-2022-abraza,9,2022-09-18,2022-12-21,2022-09-20,2023-01-22,finalizado,121824,141750,171991.81,30241.81,2256,2625,baja,5
131,Proy-2016-escala,2,2016-03-19,2016-09-10,2016-03-18,2016-10-30,finalizado,235200,217308,311433.93,94125.93,5600,5174,media,4
132,Proy-2017-facilita,5,2017-05-16,2017-12-18,2017-05-21,2017-12-05,finalizado,456192,533016,666521.99,133505.99,10368,12114,baja,4
133,Proy-2019-utiliza,5,2019-11-14,2020-08-22,2019-11-16,2020-08-02,finalizado,541440,619680,781904.53,162224.53,11280,12910,alta,5
134,Proy-2019-empodera,12,2019-02-27,2019-06-25,2019-03-06,2019-08-13,finalizado,226560,288432,357641.41,69209.41,4720,6009,media,1
135,Proy-2016-incuba,2,2016-01-01,2016-11-04,2016-01-07,2017-02-04,finalizado,517440,564354,818159.65,253805.65,12320,13437,alta,3
136,Proy-2018-optimiza,1,2018-05-30,2018-07-16,2018-06-02,2018-07-20,finalizado,138368,130502,187415.31,56913.31,3008,2837,baja,5
137,Proy-2021-incuba,12,2021-06-15,2022-03-29,2021-06-14,2022-03-09,cancelado,477568,0,741362.58,0.0,9184,0,baja,2
138,Proy-2018-integra,2,2018-03-19,2018-10-02,2018-03-27,2018-10-30,finalizado,434976,437000,630666.97,193666.97,9456,9500,baja,4
139,Proy-2025-transiciona,12,2025-06-26,2026-01-04,2025-06-25,,en curso,737280,0,1122994.27,0.0,12288,0,media,1
140,Proy-2023-escala,3,2023-08-28,2023-11-10,2023-08-29,2023-11-06,finalizado,132608,128800,208431.88,79631.88,2368,2300,media,2
141,Proy-2016-sinergiza,10,2016-02-15,2016-06-14,2016-02-15,2016-07-04,finalizado,201600,219912,277817.4,57905.4,4800,5236,media,1
142,Proy-2016-redefine,11,2016-11-03,2017-07-26,2016-10-31,2017-10-12,finalizado,356160,436296,538766.55,102470.55,8480,10388,media,4
143,Proy-2024-entrega,5,2024-11-17,2025-01-26,2024-11-24,2025-02-22,finalizado,259840,283446,351122.13,67676.13,4480,4887,media,2
144,Proy-2016-mejora,4,2016-01-08,2016-12-31,2016-01-04,2016-03-11,cancelado,481152,0,654423.15,0.0,11456,0,baja,1
145,Proy-2021-sinergiza,18,2021-04-25,2021-07-24,2021-04-28,2021-08-04,finalizado,187200,207532,256746.23,49214.23,3600,3991,alta,2
146,Proy-2024-redefine,9,2024-01-14,2024-03-28,2024-01-14,2024-04-03,finalizado,206016,267380,286801.04,19421.04,3552,4610,alta,3
147,Proy-2018-reinventa,6,2018-05-19,2019-02-18,2018-05-26,2019-04-16,finalizado,506000,521916,783179.0,261263.0,11000,11346,baja,3
148,Proy-2024-transforma,5,2024-11-16,2025-05-02,2024-11-12,2025-05-02,finalizado,542416,682080,845668.98,163588.98,9352,11760,alta,5
149,Proy-2025-extiende,5,2025-09-07,2026-05-01,2025-09-07,,en curso,453120,0,707700.11,0.0,7552,0,alta,1
150,Proy-2022-recontextualiza,6,2022-07-04,2023-02-15,2022-07-02,2022-12-22,cancelado,390528,0,544551.0,0.0,7232,0,media,2
151,Proy-2019-innova,8,2019-11-25,2020-07-26,2019-11-22,2020-10-04,finalizado,749568,822672,1124866.41,302194.41,15616,17139,alta,3
152,Proy-2025-libera,5,2025-03-21,2025-04-29,2025-03-26,2025-05-14,finalizado,93600,98460,134715.92,36255.92,1560,1641,media,2
153,Proy-2015-crece,17,2015-12-07,2016-09-21,2015-12-11,2016-11-07,finalizado,462400,594280,705963.06,111683.06,11560,14857,baja,5
154,Proy-2021-compromete,1,2021-07-23,2021-10-19,2021-07-29,2021-11-03,finalizado,109824,129064,161892.26,32828.26,2112,2482,media,4
155,Proy-2017-innova,1,2017-01-04,2017-03-31,2017-01-11,2017-04-17,finalizado,121088,153692,164195.45,10503.45,2752,3493,media,3
156,Proy-2018-escala,11,2018-11-04,2019-10-02,2018-11-06,2020-01-10,finalizado,977408,980352,1385747.22,405395.22,21248,21312,baja,5
157,Proy-2018-habilita,12,2018-04-14,2019-03-09,2018-04-11,2019-06-17,finalizado,605360,611340,834152.39,222812.39,13160,13290,baja,2
158,Proy-2024-mezcla,17,2024-08-28,2025-02-22,2024-08-31,2025-03-28,finalizado,330368,344694,465501.62,120807.62,5696,5943,baja,2
159,Proy-2021-mezcla,2,2021-03-18,2021-09-29,2021-03-13,2021-10-07,finalizado,324480,341276,466179.59,124903.59,6240,6563,baja,3
160,Proy-2019-facilita,13,2019-02-24,2020-02-11,2019-02-19,2020-05-01,finalizado,405504,423264,537015.61,113751.61,8448,8818,alta,4
161,Proy-2016-maximiza,12,2016-09-06,2017-08-08,2016-09-01,2017-06-14,cancelado,451584,0,684055.62,0.0,10752,0,baja,2
162,Proy-2022-transiciona,1,2022-01-07,2022-03-24,2022-01-07,2022-04-10,finalizado,262656,261306,389063.4,127757.4,4864,4839,baja,3
163,Proy-2024-empodera,10,2024-11-29,2025-09-22,2024-12-05,,en curso,826848,0,1169853.28,0.0,14256,0,baja,2
164,Proy-2017-utiliza,19,2017-10-17,2018-07-10,2017-10-20,2018-06-19,finalizado,561792,725736,841753.55,116017.55,12768,16494,media,5
165,Proy-2022-recontextualiza,1,2022-12-04,2023-03-24,2022-12-14,2023-05-12,finalizado,380160,461592,520979.76,59387.76,7040,8548,baja,1
166,Proy-2016-compromete,10,2016-05-26,2017-03-05,2016-06-01,2016-09-25,cancelado,665616,0,967266.02,0.0,15848,0,alta,4
167,Proy-2020-transiciona,7,2020-11-11,2021-05-09,2020-11-06,2021-06-25,finalizado,501200,627600,754974.67,127374.67,10024,12552,media,1
168,Proy-2018-redefine,17,2018-05-02,2018-11-16,2018-05-04,2018-11-29,finalizado,364320,370070,551180.61,181110.61,7920,8045,baja,5
169,Proy-2019-itera,1,2019-10-19,2020-06-07,2019-10-23,2020-08-20,finalizado,712704,663456,932663.07,269207.07,14848,13822,baja,4
170,Proy-2016-mezcla,12,2016-11-07,2017-06-27,2016-11-04,2017-09-22,finalizado,389760,495012,576632.28,81620.28,9280,11786,media,4
171,Proy-2019-entrega,16,2019-01-09,2019-10-29,2019-01-08,2019-05-07,cancelado,675072,0,1009578.07,0.0,14064,0,alta,4
172,Proy-2016-innova,20,2016-06-19,2016-09-30,2016-06-25,2016-10-13,finalizado,276864,338520,441797.68,103277.68,6592,8060,media,3
173,Proy-2017-compromete,7,2017-03-10,2017-04-13,2017-03-11,2017-04-13,finalizado,71808,81224,107403.87,26179.87,1632,1846,baja,4
174,Proy-2019-innova,11,2019-12-13,2020-10-21,2019-12-09,2021-01-08,finalizado,721152,814416,1089593.08,275177.08,15024,16967,media,1
175,Proy-2016-modifica,3,2016-09-26,2017-01-17,2016-10-06,2017-01-29,finalizado,227808,278082,353102.82,75020.82,5424,6621,media,4
176,Proy-2025-incuba,8,2025-04-16,2025-05-30,2025-04-25,2025-06-04,finalizado,168960,218040,231913.92,13873.92,2816,3634,alta,5
177,Proy-2025-reinventa,6,2025-02-20,2025-11-09,2025-02-28,,planificado,754560,0,1011075.87,0.0,12576,0,media,4
178,Proy-2021-extiende,10,2021-03-10,2021-12-31,2021-03-18,2022-03-10,finalizado,738816,744588,1069604.17,325016.17,14208,14319,alta,4
179,Proy-2016-transforma,17,2016-01-21,2016-12-29,2016-01-24,2017-03-02,finalizado,806736,1044078,1159891.06,115813.06,19208,24859,media,1
180,Proy-2018-entrega,9,2018-10-24,2019-07-20,2018-10-19,2019-06-25,finalizado,692944,771696,1018808.48,247112.48,15064,16776,media,3
181,Proy-2020-compromete,11,2020-12-25,2021-07-14,2020-12-30,2021-08-03,finalizado,321600,374050,423907.15,49857.15,6432,7481,media,3
182,Proy-2024-revoluciona,2,2024-07-17,2025-04-05,2024-07-15,2025-04-30,finalizado,729408,739210,1124472.68,385262.68,12576,12745,media,3
183,Proy-2021-implementa,8,2021-09-19,2022-07-27,2021-09-28,2022-10-16,finalizado,776256,986024,1013410.88,27386.88,14928,18962,baja,3
184,Proy-2017-libera,3,2017-10-28,2018-01-13,2017-10-23,2018-01-27,finalizado,162624,178728,235444.65,56716.65,3696,4062,media,3
185,Proy-2016-evoluciona,7,2016-02-08,2016-03-27,2016-02-12,2016-03-28,finalizado,112896,126546,158197.97,31651.97,2688,3013,baja,2
186,Proy-2020-empodera,20,2020-10-30,2021-09-11,2020-11-06,2021-11-30,finalizado,1011200,1026800,1530593.6,503793.6,20224,20536,media,1
187,Proy-2021-extiende,13,2021-11-09,2022-06-17,2021-11-07,2022-07-02,finalizado,274560,297648,391172.81,93524.81,5280,5724,media,5
188,Proy-2022-transiciona,1,2022-04-02,2022-10-15,2022-04-12,2022-12-21,finalizado,338688,414774,498827.24,84053.24,6272,7681,alta,3
189,Proy-2019-orquesta,3,2019-06-20,2019-08-18,2019-06-20,2019-08-29,finalizado,67968,66528,104634.15,38106.15,1416,1386,baja,2
190,Proy-2016-sinergiza,2,2016-08-02,2017-03-08,2016-08-04,2017-05-04,finalizado,292992,339570,451561.86,111991.86,6976,8085,alta,5
191,Proy-2019-abraza,6,2019-10-23,2020-04-26,2019-10-21,2020-07-06,finalizado,285696,330000,446998.91,116998.91,5952,6875,media,4
192,Proy-2023-modifica,2,2023-03-13,2023-08-16,2023-03-20,2023-10-19,finalizado,419328,449008,614275.45,165267.45,7488,8018,media,5
193,Proy-2017-empodera,3,2017-09-30,2018-07-29,2017-10-10,2018-09-12,finalizado,850432,1089660,1128747.22,39087.22,19328,24765,alta,1
194,Proy-2020-redefine,5,2020-01-16,2020-09-25,2020-01-11,2020-09-08,finalizado,404800,429550,558888.6,129338.6,8096,8591,alta,5
195,Proy-2023-orquesta,16,2023-07-15,2024-03-28,2023-07-22,2024-03-25,finalizado,805952,1039024,1220102.16,181078.16,14392,18554,alta,1
196,Proy-2022-utiliza,18,2022-05-24,2023-02-09,2022-05-23,2023-04-20,finalizado,563760,598644,847076.28,248432.28,10440,11086,baja,5
197,Proy-2019-itera,18,2019-06-30,2020-05-21,2019-06-28,2020-05-12,finalizado,1001472,975072,1372540.85,397468.85,20864,20314,media,4
198,Proy-2024-monetiza,11,2024-03-13,2025-03-01,2024-03-13,2025-02-22,finalizado,1146544,1476100,1794732.37,318632.37,19768,25450,media,4
199,Proy-2025-implementa,17,2025-02-04,2026-01-03,2025-02-03,,en curso,799200,0,1260584.73,0.0,13320,0,media,1
200,Proy-2017-fortalece,13,2017-06-13,2017-12-29,2017-06-15,2018-03-08,finalizado,420288,460592,562104.93,101512.93,9552,10468,baja,5
201,Proy-2022-habilita,15,2022-04-29,2022-10-21,2022-04-25,2022-12-07,finalizado,226800,254232,313259.56,59027.56,4200,4708,alta,2
202,Proy-2023-facilita,15,2023-08-01,2024-07-08,2023-08-01,2024-09-28,finalizado,612864,589512,931600.53,342088.53,10944,10527,alta,4
203,Proy-2023-incuba,20,2023-10-19,2024-08-27,2023-10-22,2024-08-03,finalizado,841344,879032,1316111.12,437079.12,15024,15697,alta,2
204,Proy-2018-orquesta,20,2018-01-28,2018-03-08,2018-02-01,2018-03-26,finalizado,57408,54556,78846.16,24290.16,1248,1186,media,1
205,Proy-2025-compromete,8,2025-05-13,2025-07-30,2025-05-09,2025-08-17,finalizado,149760,143640,237053.81,93413.81,2496,2394,media,5
206,Proy-2025-entrega,20,2025-05-31,2026-01-04,2025-06-09,2026-03-03,finalizado,418560,535260,603508.37,68248.37,6976,8921,media,3
207,Proy-2025-empodera,7,2025-09-25,2026-05-05,2025-09-20,,planificado,426240,0,611554.13,0.0,7104,0,baja,2
208,Proy-2021-cultiva,5,2021-12-09,2022-02-05,2021-12-11,2022-02-28,finalizado,96512,108680,150235.27,41555.27,1856,2090,media,5
209,Proy-2020-transforma,20,2020-11-16,2021-09-21,2020-11-24,2021-09-04,finalizado,988800,910450,1523553.58,613103.58,19776,18209,alta,3
210,Proy-2024-cultiva,11,2024-04-26,2025-03-19,2024-04-25,2025-03-09,finalizado,758640,897782,1141642.71,243860.71,13080,15479,media,2
211,Proy-2024-entrega,10,2024-01-10,2024-03-21,2024-01-17,2024-04-13,finalizado,263552,252880,386953.52,134073.52,4544,4360,baja,3
212,Proy-2025-implementa,9,2025-03-24,2025-11-29,2025-03-22,,en curso,480000,0,753770.22,0.0,8000,0,media,2
213,Proy-2016-fortalece,12,2016-08-22,2017-03-28,2016-08-26,2017-06-20,finalizado,585984,632562,801592.48,169030.48,13952,15061,media,3
214,Proy-2016-transforma,7,2016-06-06,2017-03-14,2016-06-15,2017-07-08,finalizado,377664,393204,503473.01,110269.01,8992,9362,alta,3
215,Proy-2020-redefine,14,2020-10-11,2021-07-18,2020-10-15,2021-07-12,finalizado,672000,744700,993562.65,248862.65,13440,14894,alta,2
216,Proy-2018-cultiva,17,2018-09-12,2019-06-07,2018-09-12,2019-05-19,finalizado,591744,638388,833060.75,194672.75,12864,13878,alta,3
217,Proy-2017-mejora,17,2017-09-10,2018-01-26,2017-09-06,2018-02-26,finalizado,388608,428780,591155.13,162375.13,8832,9745,alta,3
218,Proy-2017-reinventa,4,2017-06-15,2018-04-10,2017-06-17,2018-06-29,finalizado,841984,992200,1141292.82,149092.82,19136,22550,media,4
219,Proy-2016-revoluciona,5,2016-05-05,2016-07-23,2016-04-30,2016-08-04,finalizado,79632,76482,118770.86,42288.86,1896,1821,baja,1
220,Proy-2017-abraza,3,2017-11-14,2018-01-03,2017-11-23,2018-01-19,finalizado,105600,106524,165670.75,59146.75,2400,2421,alta,5
221,Proy-2023-facilita,13,2023-03-06,2023-06-25,2023-03-10,2023-06-28,finalizado,248640,299264,348247.42,48983.42,4440,5344,alta,3
222,Proy-2019-transiciona,8,2019-07-31,2019-09-06,2019-08-05,2019-09-14,finalizado,99456,91920,158641.55,66721.55,2072,1915,baja,2
223,Proy-2021-redefine,7,2021-03-18,2022-03-07,2021-03-13,2022-05-08,finalizado,441792,487760,655420.87,167660.87,8496,9380,media,3
224,Proy-2020-reinventa,12,2020-07-21,2020-12-07,2020-07-18,2021-01-07,finalizado,166800,194950,251487.05,56537.05,3336,3899,media,2
225,Proy-2017-extiende,10,2017-09-13,2018-01-14,2017-09-08,2018-02-25,finalizado,303072,286352,448792.65,162440.65,6888,6508,baja,4
226,Proy-2020-compromete,12,2020-02-14,2020-10-03,2020-02-19,2020-09-19,finalizado,464000,444600,628374.6,183774.6,9280,8892,media,4
227,Proy-2016-evoluciona,3,2016-11-19,2016-12-30,2016-11-21,2016-12-29,finalizado,82656,84210,113530.06,29320.06,1968,2005,media,5
228,Proy-2020-fortalece,10,2020-05-13,2020-08-11,2020-05-19,2020-08-29,finalizado,288000,362000,445133.71,83133.71,5760,7240,baja,1
229,Proy-2022-abraza,2,2022-04-14,2023-03-06,2022-04-10,2023-02-09,finalizado,563328,545292,818793.5,273501.5,10432,10098,alta,3
230,Proy-2024-libera,1,2024-12-20,2025-06-19,2024-12-21,,planificado,503904,0,688228.28,0.0,8688,0,baja,5
231,Proy-2025-escala,11,2025-04-21,2025-05-24,2025-05-01,,planificado,79200,0,106407.61,0.0,1320,0,baja,3
232,Proy-2021-utiliza,14,2021-03-11,2021-12-30,2021-03-12,2021-12-26,finalizado,856128,978588,1148803.08,170215.08,16464,18819,baja,2
233,Proy-2023-escala,14,2023-12-14,2024-01-16,2023-12-21,2024-01-25,finalizado,44352,50848,57888.93,7040.93,792,908,media,4
234,Proy-2020-recontextualiza,5,2020-11-08,2021-08-17,2020-11-18,2021-10-29,finalizado,676800,825200,963330.8,138130.8,13536,16504,alta,2
235,Proy-2018-mejora,10,2018-08-30,2019-06-07,2018-09-03,2019-01-13,cancelado,517040,0,735636.83,0.0,11240,0,media,5
236,Proy-2019-maximiza,10,2019-02-24,2019-10-23,2019-02-20,2020-01-20,finalizado,370176,354048,535000.14,180952.14,7712,7376,alta,1
237,Proy-2018-abraza,14,2018-12-26,2019-12-08,2018-12-27,2020-01-16,finalizado,893872,1106760,1186810.27,80050.27,19432,24060,media,4
238,Proy-2017-itera,14,2017-10-16,2018-04-29,2017-10-15,2018-04-09,finalizado,274560,259512,358818.79,99306.79,6240,5898,alta,3
239,Proy-2021-incuba,1,2021-09-07,2021-11-22,2021-09-08,2021-11-22,finalizado,94848,111748,148438.54,36690.54,1824,2149,media,2
240,Proy-2023-genera,12,2023-01-12,2023-08-06,2023-01-18,2023-02-07,cancelado,461440,0,668252.14,0.0,8240,0,baja,4
241,Proy-2021-implementa,4,2021-02-27,2021-05-08,2021-02-24,2021-05-02,finalizado,232960,255892,312210.83,56318.83,4480,4921,alta,4
242,Proy-2019-orquesta,20,2019-03-03,2019-10-14,2019-03-02,2019-10-11,finalizado,432000,502896,568444.92,65548.92,9000,10477,alta,4
243,Proy-2018-transforma,11,2018-04-04,2018-11-22,2018-04-09,2019-01-03,finalizado,256128,273654,394651.24,120997.24,5568,5949,baja,3
244,Proy-2023-orquesta,8,2023-03-30,2024-03-16,2023-03-30,2024-04-27,finalizado,788480,839440,1147673.41,308233.41,14080,14990,baja,4
245,Proy-2023-transforma,18,2023-01-03,2023-07-05,2022-12-31,2023-08-16,finalizado,395280,434754,614714.58,179960.58,7320,8051,alta,1
246,Proy-2016-mezcla,5,2016-08-11,2017-07-01,2016-08-12,2017-08-14,finalizado,653184,709842,969374.24,259532.24,15552,16901,alta,4
247,Proy-2015-modifica,11,2015-11-29,2016-10-06,2015-11-29,2016-12-21,finalizado,798720,915320,1119803.51,204483.51,19968,22883,media,1
248,Proy-2022-recontextualiza,8,2022-05-04,2022-12-11,2022-05-14,2022-09-02,cancelado,286416,0,392909.57,0.0,5304,0,alta,5
249,Proy-2025-redefine,2,2025-03-26,2026-01-12,2025-03-25,,en curso,560640,0,742876.95,0.0,9344,0,alta,1
250,Proy-2024-sintetiza,12,2024-08-30,2025-02-04,2024-09-02,2025-04-02,finalizado,293248,313374,437114.9,123740.9,5056,5403,media,4
251,Proy-2023-evoluciona,7,2023-10-04,2024-01-30,2023-10-14,2024-02-12,finalizado,211456,245448,301678.36,56230.36,3776,4383,media,5
252,Proy-2018-mezcla,3,2018-04-19,2018-07-11,2018-04-28,2018-08-19,finalizado,122176,124108,160225.4,36117.4,2656,2698,media,2
253,Proy-2024-sinergiza,15,2024-09-28,2025-01-26,2024-10-05,2025-03-20,finalizado,445440,422124,705315.68,283191.68,7680,7278,alta,4
254,Proy-2016-visualiza,17,2016-05-21,2017-04-02,2016-05-21,2017-06-23,finalizado,637056,641340,939294.02,297954.02,15168,15270,baja,1
255,Proy-2017-redefine,10,2017-01-02,2017-04-07,2017-01-03,2017-04-06,finalizado,133760,172128,185485.57,13357.57,3040,3912,baja,1
256,Proy-2018-cultiva,19,2018-05-03,2018-07-02,2018-05-07,2018-07-27,finalizado,176640,225216,254512.51,29296.51,3840,4896,media,2
257,Proy-2021-entrega,11,2021-06-01,2021-08-17,2021-06-04,2021-08-04,cancelado,128128,0,204491.44,0.0,2464,0,baja,1
258,Proy-2016-extiende,5,2016-11-05,2017-05-09,2016-11-14,2017-07-07,finalizado,248640,296646,359967.9,63321.9,5920,7063,alta,5
259,Proy-2024-mejora,16,2024-06-25,2025-05-17,2024-06-22,2025-07-22,finalizado,453792,493116,707109.39,213993.39,7824,8502,baja,2
260,Proy-2016-evoluciona,8,2016-06-03,2016-10-16,2016-06-06,2016-10-23,finalizado,181440,224238,262999.24,38761.24,4320,5339,alta,3
261,Proy-2025-utiliza,20,2025-11-12,2026-06-14,2025-11-13,2026-06-04,finalizado,821760,1003080,1282310.48,279230.48,13696,16718,baja,4
262,Proy-2022-optimiza,16,2022-02-03,2022-04-10,2022-02-13,2022-04-29,finalizado,228096,255960,353071.6,97111.6,4224,4740,baja,4
263,Proy-2019-mezcla,5,2019-05-31,2020-02-11,2019-05-26,2020-05-12,finalizado,294912,292176,412659.05,120483.05,6144,6087,baja,5
264,Proy-2016-crece,19,2016-03-28,2016-10-27,2016-04-03,2016-11-27,finalizado,572544,690774,875544.2,184770.2,13632,16447,baja,5
265,Proy-2021-evoluciona,16,2021-07-28,2022-02-10,2021-07-27,2022-02-17,finalizado,245856,233272,366973.91,133701.91,4728,4486,media,3
266,Proy-2018-visualiza,11,2018-06-03,2018-11-02,2018-06-02,2018-12-19,finalizado,335616,360916,474577.4,113661.4,7296,7846,alta,2
267,Proy-2016-explota,14,2016-08-07,2017-01-25,2016-08-08,2017-03-29,finalizado,459648,441672,727352.24,285680.24,10944,10516,baja,2
268,Proy-2023-utiliza,4,2023-07-12,2023-11-08,2023-07-22,2023-11-30,finalizado,319872,351456,438396.54,86940.54,5712,6276,alta,2
269,Proy-2019-cultiva,14,2019-02-22,2019-12-18,2019-03-02,2019-12-08,finalizado,803712,773088,1087376.41,314288.41,16744,16106,baja,1
270,Proy-2019-redefine,6,2019-05-17,2020-01-16,2019-05-15,2019-12-23,finalizado,468480,554352,712858.14,158506.14,9760,11549,baja,5
271,Proy-2020-habilita,5,2020-08-24,2021-08-05,2020-08-30,2021-11-23,finalizado,1107200,1195700,1670764.97,475064.97,22144,23914,baja,5
272,Proy-2017-itera,16,2017-02-15,2017-03-26,2017-02-10,2017-03-19,finalizado,82368,85096,117778.44,32682.44,1872,1934,alta,3
273,Proy-2018-implementa,9,2018-07-09,2018-10-20,2018-07-06,2018-11-19,finalizado,303232,289754,463813.37,174059.37,6592,6299,media,2
274,Proy-2020-transforma,9,2020-01-14,2020-07-07,2020-01-18,2020-08-04,finalizado,280000,265150,394158.79,129008.79,5600,5303,baja,4
275,Proy-2019-transiciona,6,2019-11-12,2020-02-21,2019-11-11,2020-03-22,finalizado,310272,364272,408326.08,44054.08,6464,7589,alta,2
276,Proy-2022-redefine,19,2022-09-19,2022-10-25,2022-09-23,2022-10-30,finalizado,62208,61560,81291.3,19731.3,1152,1140,media,4
277,Proy-2019-cultiva,16,2019-03-10,2019-06-24,2019-03-16,2019-08-01,finalizado,203520,224976,315591.23,90615.23,4240,4687,baja,3
278,Proy-2019-abraza,14,2019-12-17,2020-07-12,2019-12-13,2020-07-22,finalizado,319488,380592,427826.97,47234.97,6656,7929,baja,1
279,Proy-2017-incuba,4,2017-07-07,2018-01-15,2017-07-12,2018-03-04,finalizado,270336,265540,381198.27,115658.27,6144,6035,media,1
280,Proy-2018-facilita,19,2018-09-02,2018-11-11,2018-09-08,2018-12-11,finalizado,180320,204516,242710.77,38194.77,3920,4446,media,5
281,Proy-2016-modifica,18,2016-09-27,2016-11-24,2016-10-02,2016-10-17,cancelado,58464,0,91001.92,0.0,1392,0,media,2
282,Proy-2017-transiciona,3,2017-09-20,2018-03-03,2017-09-29,2018-05-15,finalizado,346368,382184,543858.68,161674.68,7872,8686,media,3
283,Proy-2024-transforma,20,2024-02-15,2024-06-30,2024-02-12,2024-07-28,finalizado,504832,601170,668815.4,67645.4,8704,10365,alta,2
284,Proy-2018-incentiva,2,2018-10-16,2019-04-15,2018-10-14,2019-06-07,finalizado,399648,467360,538093.81,70733.81,8688,10160,media,4
285,Proy-2025-implementa,8,2025-02-06,2025-03-17,2025-02-11,,en curso,149760,0,195052.65,0.0,2496,0,media,4
286,Proy-2019-incentiva,11,2019-10-24,2020-05-05,2019-11-01,2020-05-29,finalizado,297984,297984,475354.46,177370.46,6208,6208,baja,5
287,Proy-2016-sinergiza,11,2016-08-03,2017-07-11,2016-08-12,2017-07-11,finalizado,459648,494592,603578.93,108986.93,10944,11776,media,4
288,Proy-2024-extiende,12,2024-05-08,2024-12-31,2024-05-06,2024-11-25,cancelado,549840,0,845661.15,0.0,9480,0,media,2
289,Proy-2021-habilita,16,2021-05-30,2021-12-30,2021-06-02,2022-01-01,finalizado,712192,825864,1077418.27,251554.27,13696,15882,media,4
290,Proy-2023-monetiza,4,2023-07-16,2023-09-02,2023-07-11,2023-09-16,finalizado,172032,212296,273425.58,61129.58,3072,3791,media,1
291,Proy-2024-utiliza,5,2024-03-11,2024-08-11,2024-03-19,2024-10-18,finalizado,354960,419572,472141.62,52569.62,6120,7234,media,5
292,Proy-2018-innova,17,2018-02-10,2018-12-16,2018-02-08,2019-02-21,finalizado,909696,1125528,1433777.28,308249.28,19776,24468,media,5
293,Proy-2021-agrega,4,2021-10-08,2022-04-24,2021-10-15,2022-07-18,finalizado,658944,823368,947880.58,124512.58,12672,15834,baja,4
294,Proy-2019-incuba,5,2019-09-01,2020-01-01,2019-09-06,2020-01-23,finalizado,281088,276432,417723.67,141291.67,5856,5759,alta,2
295,Proy-2021-recontextualiza,5,2021-07-15,2021-12-17,2021-07-14,2021-12-15,finalizado,386880,371124,520265.12,149141.12,7440,7137,media,1
296,Proy-2023-redefine,18,2023-09-06,2024-03-19,2023-09-08,2024-04-06,finalizado,262080,331352,362944.95,31592.95,4680,5917,media,1
297,Proy-2025-maximiza,7,2025-06-21,2025-11-29,2025-06-22,,en curso,309120,0,402003.97,0.0,5152,0,baja,2
298,Proy-2020-incuba,20,2020-12-21,2021-05-17,2020-12-18,2021-06-10,finalizado,352800,373900,467231.54,93331.54,7056,7478,baja,2
299,Proy-2018-revoluciona,16,2018-02-15,2018-07-24,2018-02-13,2018-09-19,finalizado,351072,440772,559081.19,118309.19,7632,9582,baja,1
300,Proy-2023-transiciona,6,2023-09-26,2024-01-21,2023-10-05,2024-02-17,finalizado,314496,299824,483721.27,183897.27,5616,5354,media,1
301,Proy-2020-abraza,14,2020-12-26,2021-07-05,2020-12-30,2021-06-25,finalizado,229200,274600,302628.78,28028.78,4584,5492,media,3
302,Proy-2017-reinventa,6,2017-08-05,2017-11-18,2017-08-12,2017-12-06,finalizado,147840,143924,207498.9,63574.9,3360,3271,media,3
303,Proy-2023-empodera,2,2023-02-05,2023-03-17,2023-02-10,2023-03-16,cancelado,143360,0,194929.36,0.0,2560,0,media,3
304,Proy-2024-revoluciona,10,2024-08-17,2025-03-04,2024-08-14,2025-03-25,finalizado,738688,752028,983925.19,231897.19,12736,12966,baja,4
305,Proy-2020-mezcla,11,2020-11-01,2020-12-22,2020-10-30,2020-12-16,finalizado,142800,165750,219651.65,53901.65,2856,3315,baja,2
306,Proy-2024-entrega,5,2024-06-23,2024-09-08,2024-06-28,2024-09-19,finalizado,214368,210598,330103.35,119505.35,3696,3631,baja,1
307,Proy-2018-modifica,3,2018-06-22,2019-01-11,2018-07-01,2018-12-30,cancelado,224112,0,330067.46,0.0,4872,0,alta,5
308,Proy-2022-utiliza,5,2022-01-05,2022-09-08,2022-01-06,2022-10-12,finalizado,425088,430920,553269.91,122349.91,7872,7980,media,2
309,Proy-2018-maneja,2,2018-10-14,2019-08-02,2018-10-10,2019-08-11,finalizado,859648,887662,1195414.97,307752.97,18688,19297,alta,2
310,Proy-2017-compromete,8,2017-12-20,2018-12-20,2017-12-28,2019-02-14,finalizado,642400,718652,869381.58,150729.58,14600,16333,baja,4
311,Proy-2016-incentiva,20,2016-10-05,2017-01-28,2016-10-01,2017-02-05,finalizado,154560,164976,206315.38,41339.38,3680,3928,alta,2
312,Proy-2024-revoluciona,20,2024-09-26,2025-06-12,2024-10-04,2025-06-16,finalizado,600880,645714,785133.9,139419.9,10360,11133,media,2
313,Proy-2017-incentiva,18,2017-06-10,2018-05-31,2017-06-11,2018-05-18,finalizado,749760,941864,994764.94,52900.94,17040,21406,media,5
314,Proy-2016-libera,10,2016-02-13,2016-08-24,2016-02-18,2016-10-07,finalizado,324240,295932,455244.49,159312.49,7720,7046,baja,4
315,Proy-2016-implementa,19,2016-06-01,2017-02-05,2016-06-11,2017-03-22,finalizado,501984,580608,671087.24,90479.24,11952,13824,baja,3
316,Proy-2023-compromete,1,2023-04-05,2024-03-02,2023-04-01,2024-06-30,finalizado,892416,1157520,1418621.21,261101.21,15936,20670,alta,3
317,Proy-2016-facilita,15,2016-10-01,2017-09-01,2016-10-05,2017-08-11,finalizado,450240,471618,660678.15,189060.15,10720,11229,media,1
318,Proy-2021-entrega,8,2021-06-16,2021-08-28,2021-06-17,2021-08-22,finalizado,242944,238888,316690.15,77802.15,4672,4594,media,3
319,Proy-2025-extiende,7,2025-11-11,2025-12-31,2025-11-08,2026-01-07,finalizado,72000,92940,102901.02,9961.02,1200,1549,baja,4
320,Proy-2019-compromete,12,2019-02-16,2019-04-20,2019-02-23,2019-04-21,finalizado,96768,110976,145548.71,34572.71,2016,2312,baja,4
321,Proy-2019-crece,20,2019-04-23,2020-02-04,2019-04-23,2020-03-14,finalizado,771456,989808,1055807.49,65999.49,16072,20621,baja,1
322,Proy-2019-optimiza,8,2019-01-05,2019-10-12,2019-01-02,2019-09-23,finalizado,430080,402288,611214.06,208926.06,8960,8381,baja,2
323,Proy-2025-maximiza,4,2025-06-26,2025-09-04,2025-06-25,2025-08-31,finalizado,100800,119640,152602.98,32962.98,1680,1994,baja,1
324,Proy-2020-integra,7,2020-04-14,2021-04-05,2020-04-16,2021-07-14,finalizado,854400,793300,1359859.66,566559.66,17088,15866,media,3
325,Proy-2022-orquesta,2,2022-11-19,2023-08-13,2022-11-24,2023-09-13,finalizado,692064,711774,981120.17,269346.17,12816,13181,baja,1
326,Proy-2016-facilita,3,2016-02-05,2016-03-23,2016-02-01,2016-03-21,finalizado,47376,60228,66869.49,6641.49,1128,1434,alta,4
327,Proy-2023-entrega,6,2023-03-10,2024-02-13,2023-03-05,2024-03-14,finalizado,913920,1028552,1358024.65,329472.65,16320,18367,alta,5
328,Proy-2021-libera,2,2021-09-16,2022-06-22,2021-09-18,2022-07-23,finalizado,812448,744952,1246429.99,501477.99,15624,14326,baja,5
329,Proy-2018-mezcla,7,2018-08-06,2018-09-26,2018-08-13,2018-09-17,cancelado,150144,0,228884.79,0.0,3264,0,media,3
330,Proy-2019-genera,7,2019-04-25,2020-04-23,2019-04-22,2020-03-27,finalizado,1118208,1345008,1552086.26,207078.26,23296,28021,baja,5
331,Proy-2017-itera,9,2017-04-22,2018-01-02,2017-04-20,2017-12-05,finalizado,359040,405988,501390.61,95402.61,8160,9227,media,5
332,Proy-2016-redefine,13,2016-12-21,2017-02-04,2016-12-26,2017-02-23,finalizado,75600,92400,107584.6,15184.6,1800,2200,baja,1
333,Proy-2017-sinergiza,17,2017-05-17,2017-08-03,2017-05-24,2017-08-18,finalizado,219648,214588,296354.09,81766.09,4992,4877,baja,5
334,Proy-2019-innova,14,2019-11-06,2020-09-20,2019-11-01,2020-10-19,finalizado,979968,1159488,1340928.36,181440.36,20416,24156,media,5
335,Proy-2019-itera,5,2019-03-22,2020-02-28,2019-03-18,2020-01-24,finalizado,790272,911184,1171365.76,260181.76,16464,18983,baja,3
336,Proy-2017-itera,1,2017-03-21,2017-07-20,2017-03-27,2017-07-14,finalizado,212960,219032,314263.63,95231.63,4840,4978,baja,1
337,Proy-2022-implementa,12,2022-11-07,2023-07-20,2022-11-07,2023-08-17,finalizado,771120,750978,1136203.85,385225.85,14280,13907,alta,2
338,Proy-2020-innova,10,2020-06-10,2020-12-25,2020-06-07,2020-12-19,finalizado,396000,448350,622983.87,174633.87,7920,8967,media,5
339,Proy-2016-habilita,12,2016-04-22,2017-01-08,2016-04-23,2017-01-26,finalizado,438480,534702,586024.41,51322.41,10440,12731,alta,5
340,Proy-2017-itera,7,2017-01-09,2017-08-24,2017-01-18,2017-09-21,finalizado,239712,299376,357874.06,58498.06,5448,6804,baja,3
341,Proy-2022-incuba,17,2022-11-30,2023-07-04,2022-12-10,2023-07-16,finalizado,466560,476604,653164.16,176560.16,8640,8826,media,4
342,Proy-2018-orquesta,19,2018-10-21,2018-11-28,2018-10-19,2018-11-30,finalizado,83904,106398,131916.69,25518.69,1824,2313,baja,2
343,Proy-2025-itera,6,2025-02-23,2025-06-29,2025-02-26,,planificado,241920,0,338384.92,0.0,4032,0,baja,1
344,Proy-2019-mejora,8,2019-10-25,2020-03-06,2019-10-28,2020-03-21,finalizado,204288,190896,308463.21,117567.21,4256,3977,alta,2
345,Proy-2017-transiciona,13,2017-01-20,2017-06-08,2017-01-17,2017-06-11,finalizado,342496,337700,528271.68,190571.68,7784,7675,media,2
346,Proy-2018-libera,19,2018-01-20,2018-11-14,2018-01-17,2018-10-26,finalizado,548320,608488,726921.11,118433.11,11920,13228,media,3
347,Proy-2019-incuba,6,2019-11-10,2020-06-05,2019-11-20,2020-06-02,finalizado,399360,388464,620397.56,231933.56,8320,8093,baja,4
348,Proy-2021-incuba,15,2021-12-02,2022-08-11,2021-12-07,2022-09-12,finalizado,419328,500448,578198.3,77750.3,8064,9624,alta,4
349,Proy-2017-incuba,2,2017-01-10,2017-03-23,2017-01-13,2017-04-18,finalizado,126720,115192,171623.55,56431.55,2880,2618,media,1
350,Proy-2020-escala,9,2020-06-23,2021-06-22,2020-06-24,2021-08-05,finalizado,1019200,1169000,1580118.59,411118.59,20384,23380,media,3
351,Proy-2016-redefine,4,2016-11-28,2017-02-04,2016-11-29,2017-01-29,finalizado,114240,145866,161078.38,15212.38,2720,3473,alta,5
352,Proy-2022-habilita,19,2022-05-04,2022-09-20,2022-05-03,2022-08-07,cancelado,420336,0,631909.02,0.0,7784,0,alta,1
353,Proy-2018-visualiza,13,2018-06-16,2018-11-25,2018-06-19,2018-11-13,finalizado,298080,284970,421440.79,136470.79,6480,6195,media,5
354,Proy-2022-maximiza,11,2022-08-27,2023-04-06,2022-08-26,2023-03-23,finalizado,479520,550584,633782.18,83198.18,8880,10196,media,3
355,Proy-2020-cultiva,18,2020-09-03,2021-03-14,2020-09-06,2021-01-10,cancelado,537600,0,810413.67,0.0,10752,0,media,2
356,Proy-2021-monetiza,12,2021-03-27,2022-01-22,2021-03-25,2022-03-29,finalizado,375648,391300,552421.86,161121.86,7224,7525,baja,5
357,Proy-2023-fortalece,11,2023-03-15,2023-08-21,2023-03-10,2023-09-21,finalizado,356160,447944,539058.77,91114.77,6360,7999,media,5
358,Proy-2024-transforma,2,2024-10-22,2025-02-23,2024-10-24,2025-02-26,finalizado,287680,299802,382662.89,82860.89,4960,5169,alta,1
359,Proy-2024-cultiva,10,2024-03-20,2024-10-12,2024-03-22,2024-12-29,finalizado,286752,358556,443249.4,84693.4,4944,6182,alta,1
360,Proy-2019-redefine,15,2019-10-19,2020-05-03,2019-10-22,2020-05-08,finalizado,453888,424320,615190.35,190870.35,9456,8840,media,1
361,Proy-2022-mejora,3,2022-02-23,2022-05-21,2022-02-20,2022-05-13,finalizado,300672,343440,478545.77,135105.77,5568,6360,baja,5
362,Proy-2019-itera,18,2019-10-04,2020-08-18,2019-09-29,2020-10-09,finalizado,612480,558624,975086.09,416462.09,12760,11638,baja,3
363,Proy-2020-incuba,11,2020-12-04,2021-10-09,2020-12-14,2021-09-21,finalizado,988800,996000,1388848.48,392848.48,19776,19920,baja,2
364,Proy-2019-libera,3,2019-02-13,2020-01-22,2019-02-17,2020-02-27,finalizado,526848,658704,830129.01,171425.01,10976,13723,baja,1
365,Proy-2023-integra,13,2023-05-14,2024-04-11,2023-05-13,2024-06-06,finalizado,895104,879816,1273569.08,393753.08,15984,15711,media,2
366,Proy-2024-incentiva,1,2024-02-22,2024-06-06,2024-02-25,2024-06-08,finalizado,341040,413366,459765.64,46399.64,5880,7127,alta,4
367,Proy-2024-transforma,14,2024-02-24,2024-03-26,2024-03-04,2024-04-09,finalizado,57536,67048,83050.06,16002.06,992,1156,baja,3
368,Proy-2017-integra,5,2017-12-20,2018-06-17,2017-12-25,2018-08-21,finalizado,189024,177804,298775.6,120971.6,4296,4041,baja,4
369,Proy-2021-empodera,5,2021-12-04,2022-04-06,2021-11-30,2022-03-31,finalizado,358176,371176,469126.45,97950.45,6888,7138,media,1
370,Proy-2024-libera,7,2024-10-01,2025-02-01,2024-09-26,2025-02-27,finalizado,456576,419630,601689.08,182059.08,7872,7235,baja,2
371,Proy-2022-extiende,3,2022-03-10,2022-12-20,2022-03-12,2023-02-02,finalizado,492480,486324,650904.14,164580.14,9120,9006,alta,5
372,Proy-2025-fortalece,12,2025-03-25,2025-07-29,2025-04-04,,en curso,241920,0,377245.09,0.0,4032,0,alta,2
373,Proy-2025-redefine,4,2025-06-16,2026-02-05,2025-06-25,2026-05-01,finalizado,336960,413580,538252.81,124672.81,5616,6893,baja,2
374,Proy-2018-empodera,5,2018-10-06,2019-02-04,2018-10-15,2019-02-14,finalizado,311696,332534,450742.6,118208.6,6776,7229,baja,5
375,Proy-2017-entrega,18,2017-10-23,2018-08-12,2017-10-27,2018-10-20,finalizado,825088,1057408,1099275.06,41867.06,18752,24032,baja,2
376,Proy-2018-mejora,16,2018-04-25,2018-07-23,2018-04-29,2018-08-07,finalizado,163760,206080,213932.09,7852.09,3560,4480,baja,2
377,Proy-2022-modifica,1,2022-07-18,2022-10-25,2022-07-22,2022-10-25,finalizado,299376,306936,432452.16,125516.16,5544,5684,baja,4
378,Proy-2025-fortalece,7,2025-04-23,2025-12-27,2025-04-29,,planificado,714240,0,1015802.94,0.0,11904,0,baja,1
379,Proy-2021-implementa,11,2021-04-08,2021-08-22,2021-04-06,2021-09-10,finalizado,282880,268008,384126.11,116118.11,5440,5154,alta,3
380,Proy-2018-fortalece,1,2018-02-11,2019-01-12,2018-02-19,2019-02-13,finalizado,862960,891802,1362125.52,470323.52,18760,19387,baja,1
381,Proy-2020-genera,16,2020-05-13,2021-03-23,2020-05-09,2021-04-05,finalizado,879200,1044950,1259966.07,215016.07,17584,20899,alta,4
382,Proy-2021-explota,17,2021-05-17,2022-04-23,2021-05-19,2021-12-29,cancelado,851136,0,1159215.18,0.0,16368,0,baja,4
383,Proy-2025-incentiva,14,2025-11-10,2026-08-04,2025-11-19,,en curso,1025280,0,1553826.25,0.0,17088,0,baja,5
384,Proy-2023-fortalece,15,2023-03-27,2024-02-11,2023-04-05,2024-04-02,finalizado,719040,707168,1119228.97,412060.97,12840,12628,media,2
385,Proy-2024-redefine,4,2024-09-26,2024-11-10,2024-09-24,2024-11-23,finalizado,167040,205146,224427.05,19281.05,2880,3537,baja,2
386,Proy-2019-explota,8,2019-02-07,2019-11-17,2019-02-02,2019-11-18,finalizado,434688,456528,686537.74,230009.74,9056,9511,baja,5
387,Proy-2018-libera,15,2018-04-21,2019-02-22,2018-04-25,2018-07-26,cancelado,451904,0,701841.99,0.0,9824,0,alta,4
388,Proy-2021-crea,13,2021-11-11,2022-01-13,2021-11-08,2022-01-17,finalizado,209664,228800,327068.6,98268.6,4032,4400,media,2
389,Proy-2021-incentiva,15,2021-11-26,2022-10-21,2021-11-27,2022-10-11,finalizado,1094912,1066312,1587793.1,521481.1,21056,20506,baja,4
390,Proy-2020-crece,15,2020-12-18,2021-10-25,2020-12-17,2022-02-19,finalizado,995200,997800,1438612.64,440812.64,19904,19956,baja,1
391,Proy-2020-crea,10,2020-11-26,2021-03-28,2020-12-01,2021-04-23,finalizado,390400,400200,512603.89,112403.89,7808,8004,alta,4
392,Proy-2021-sintetiza,16,2021-08-26,2022-04-16,2021-08-28,2022-07-14,finalizado,290784,275600,382253.11,106653.11,5592,5300,alta,5
393,Proy-2021-optimiza,9,2021-08-12,2022-05-21,2021-08-18,2022-08-15,finalizado,938496,1106456,1428144.18,321688.18,18048,21278,alta,2
394,Proy-2021-extiende,5,2021-04-28,2021-07-01,2021-04-25,2021-07-15,finalizado,212992,275132,280027.04,4895.04,4096,5291,baja,3
395,Proy-2019-mejora,15,2019-10-11,2019-11-30,2019-10-10,2019-12-16,finalizado,96000,101568,129118.35,27550.35,2000,2116,alta,1
396,Proy-2023-optimiza,20,2023-03-16,2023-08-08,2023-03-25,2023-04-27,cancelado,259840,0,410213.79,0.0,4640,0,baja,2
397,Proy-2024-extiende,18,2024-10-07,2025-09-29,2024-10-07,2025-11-26,finalizado,496944,524900,677655.18,152755.18,8568,9050,alta,4
398,Proy-2016-agrega,3,2016-09-08,2017-01-14,2016-09-16,2016-12-09,cancelado,258048,0,398329.85,0.0,6144,0,media,5
399,Proy-2020-reinventa,17,2020-11-28,2021-11-20,2020-11-23,2021-12-12,finalizado,428400,526500,610775.71,84275.71,8568,10530,alta,5
400,Proy-2023-crea,10,2023-10-04,2023-11-18,2023-09-29,2023-11-26,finalizado,141120,133056,213015.63,79959.63,2520,2376,baja,2
401,Proy-2015-entrega,19,2015-12-27,2016-06-04,2015-12-30,2016-07-18,finalizado,153600,139320,226985.83,87665.83,3840,3483,media,1
402,Proy-2020-habilita,15,2020-04-13,2020-11-02,2020-04-14,2020-10-21,finalizado,568400,515750,815011.76,299261.76,11368,10315,baja,1
403,Proy-2022-maneja,6,2022-08-30,2023-07-08,2022-08-28,2023-08-08,finalizado,539136,535410,759039.25,223629.25,9984,9915,alta,2
404,Proy-2016-mezcla,15,2016-08-14,2016-11-11,2016-08-15,2016-12-04,finalizado,179424,214032,284084.39,70052.39,4272,5096,baja,2
405,Proy-2016-sinergiza,10,2016-01-19,2017-01-14,2016-01-26,2017-01-01,finalizado,849072,891282,1223894.1,332612.1,20216,21221,media,4
406,Proy-2018-crece,8,2018-06-27,2019-01-20,2018-06-22,2019-03-20,finalizado,457056,467912,639253.11,171341.11,9936,10172,baja,2
407,Proy-2019-sintetiza,5,2019-11-22,2020-02-11,2019-11-24,2020-03-10,finalizado,124416,135312,179007.68,43695.68,2592,2819,baja,4
408,Proy-2021-redefine,4,2021-01-24,2021-11-16,2021-01-22,2022-03-03,finalizado,985088,1138956,1335385.58,196429.58,18944,21903,alta,1
409,Proy-2017-itera,14,2017-01-03,2017-09-20,2017-01-05,2017-12-08,finalizado,640640,820952,1020720.81,199768.81,14560,18658,media,5
410,Proy-2020-itera,1,2020-04-17,2021-01-14,2020-04-23,2021-02-12,finalizado,870400,1116400,1250320.87,133920.87,17408,22328,alta,3
411,Proy-2016-visualiza,16,2016-02-18,2016-07-04,2016-02-25,2016-04-01,cancelado,230160,0,303557.0,0.0,5480,0,baja,2
412,Proy-2016-extiende,6,2016-05-10,2017-02-15,2016-05-18,2017-05-01,finalizado,755328,927738,984938.43,57200.43,17984,22089,baja,4
413,Proy-2018-itera,7,2018-10-30,2019-02-25,2018-10-27,2019-04-10,finalizado,347392,329820,455171.61,125351.61,7552,7170,alta,1
414,Proy-2019-integra,16,2019-04-09,2019-11-03,2019-04-15,2019-12-02,finalizado,638976,712080,998812.0,286732.0,13312,14835,alta,2
415,Proy-2022-crece,10,2022-06-28,2023-03-05,2022-06-23,2023-03-07,finalizado,324000,365526,446024.1,80498.1,6000,6769,alta,3
416,Proy-2016-orquesta,14,2016-03-18,2016-06-15,2016-03-20,2016-06-23,finalizado,89712,115668,141125.15,25457.15,2136,2754,media,2
417,Proy-2019-monetiza,6,2019-08-04,2019-10-09,2019-08-10,2019-11-08,finalizado,76032,87456,105749.83,18293.83,1584,1822,media,3
418,Proy-2023-fortalece,16,2023-06-07,2024-05-02,2023-06-02,2024-05-17,finalizado,591360,687624,859944.5,172320.5,10560,12279,baja,1
419,Proy-2025-agrega,16,2025-04-02,2026-01-28,2025-04-02,2025-10-30,cancelado,1155840,0,1701092.72,0.0,19264,0,media,2
420,Proy-2016-mejora,7,2016-09-08,2016-12-19,2016-09-03,2017-01-15,finalizado,137088,150738,185670.33,34932.33,3264,3589,media,4
421,Proy-2021-redefine,18,2021-11-02,2021-12-28,2021-11-11,2022-01-10,finalizado,163072,185900,215500.82,29600.82,3136,3575,alta,1
422,Proy-2024-reinventa,7,2024-01-13,2024-09-18,2024-01-22,2024-03-17,cancelado,693216,0,1045691.5,0.0,11952,0,alta,3
423,Proy-2015-incentiva,15,2015-12-15,2016-07-20,2015-12-19,2016-08-08,finalizado,488320,442480,749442.15,306962.15,12208,11062,alta,3
424,Proy-2017-innova,12,2017-04-24,2017-07-08,2017-04-28,2017-07-16,finalizado,158400,144628,240514.32,95886.32,3600,3287,alta,5
425,Proy-2024-explota,9,2024-10-29,2025-03-15,2024-10-28,2025-03-11,finalizado,444976,413714,691089.7,277375.7,7672,7133,media,5
426,Proy-2025-evoluciona,9,2025-11-22,2026-08-04,2025-11-30,,en curso,367200,0,587359.9,0.0,6120,0,alta,1
427,Proy-2021-orquesta,12,2021-10-11,2022-06-07,2021-10-10,2022-08-30,finalizado,695968,691496,995175.05,303679.05,13384,13298,alta,3
428,Proy-2022-monetiza,15,2022-07-25,2023-05-04,2022-07-23,2023-06-16,finalizado,489024,464778,702026.28,237248.28,9056,8607,alta,5
429,Proy-2024-integra,17,2024-04-19,2024-06-22,2024-04-25,2024-06-14,cancelado,207872,0,308310.14,0.0,3584,0,alta,5
430,Proy-2018-modifica,8,2018-10-30,2018-12-11,2018-10-28,2018-12-11,finalizado,61824,62238,83324.12,21086.12,1344,1353,alta,1
431,Proy-2020-maximiza,4,2020-03-21,2020-10-04,2020-03-24,2020-11-05,finalizado,315200,386450,425475.03,39025.03,6304,7729,alta,4
432,Proy-2017-abraza,2,2017-06-04,2017-07-10,2017-06-14,2017-07-29,finalizado,101376,113872,134977.59,21105.59,2304,2588,baja,2
433,Proy-2025-crece,4,2025-01-31,2025-09-18,2025-02-03,2025-10-05,finalizado,441600,430980,696598.02,265618.02,7360,7183,media,2
434,Proy-2025-implementa,13,2025-08-03,2026-05-11,2025-08-02,2026-04-26,cancelado,944160,0,1299451.72,0.0,15736,0,alta,1
435,Proy-2022-transforma,6,2022-09-12,2023-06-03,2022-09-22,2023-08-23,finalizado,912384,1099170,1391728.54,292558.54,16896,20355,media,5
436,Proy-2023-explota,3,2023-05-16,2024-02-20,2023-05-24,2024-02-04,cancelado,627200,0,853772.64,0.0,11200,0,media,1
437,Proy-2021-libera,3,2021-04-27,2021-06-02,2021-05-06,2021-06-21,finalizado,119808,132080,176008.08,43928.08,2304,2540,alta,4
438,Proy-2019-crea,4,2019-10-01,2020-03-05,2019-10-11,2020-04-15,finalizado,359424,336768,524173.74,187405.74,7488,7016,alta,2
439,Proy-2018-incuba,12,2018-04-19,2018-09-09,2018-04-19,2018-07-26,cancelado,210496,0,293562.77,0.0,4576,0,alta,2
440,Proy-2021-reinventa,12,2021-09-01,2022-05-09,2021-09-07,2022-05-23,finalizado,520000,504868,748478.91,243610.91,10000,9709,media,4
441,Proy-2019-empodera,20,2019-04-18,2019-10-01,2019-04-13,2019-10-23,finalizado,254976,308112,399604.61,91492.61,5312,6419,media,3
442,Proy-2020-innova,12,2020-01-17,2020-03-03,2020-01-23,2020-03-18,finalizado,55200,66450,76105.85,9655.85,1104,1329,baja,1
443,Proy-2021-recontextualiza,15,2021-08-12,2021-10-29,2021-08-09,2021-11-15,finalizado,162240,198328,213587.74,15259.74,3120,3814,media,3
444,Proy-2020-orquesta,17,2020-09-26,2021-01-18,2020-09-24,2021-01-25,finalizado,273600,323100,403996.22,80896.22,5472,6462,baja,4
445,Proy-2024-incuba,16,2024-12-14,2025-06-25,2024-12-10,2025-06-19,cancelado,537312,0,802721.61,0.0,9264,0,media,1
446,Proy-2022-habilita,3,2022-09-16,2023-01-05,2022-09-11,2023-01-02,finalizado,239760,266868,322770.87,55902.87,4440,4942,media,1
447,Proy-2021-incuba,3,2021-06-21,2022-05-16,2021-06-26,2022-09-08,finalizado,684320,683904,904396.29,220492.29,13160,13152,media,2
448,Proy-2017-orquesta,2,2017-10-27,2018-07-22,2017-10-22,2018-09-04,finalizado,377344,352308,530485.62,178177.62,8576,8007,alta,1
449,Proy-2017-visualiza,20,2017-05-27,2018-02-28,2017-05-23,2017-08-12,cancelado,780032,0,1133686.92,0.0,17728,0,media,3
450,Proy-2025-recontextualiza,6,2025-02-06,2025-12-15,2025-02-07,,en curso,1048320,0,1570763.29,0.0,17472,0,media,4
451,Proy-2019-integra,17,2019-10-22,2020-05-08,2019-10-31,2020-05-12,finalizado,229248,243120,342910.78,99790.78,4776,5065,baja,5
452,Proy-2016-orquesta,14,2016-08-09,2017-03-20,2016-08-06,2017-05-11,finalizado,449568,575190,593342.71,18152.71,10704,13695,alta,2
453,Proy-2017-integra,20,2017-02-09,2017-04-11,2017-02-17,2017-05-06,finalizado,85888,81400,127243.02,45843.02,1952,1850,baja,5
454,Proy-2025-itera,9,2025-05-04,2025-07-08,2025-05-12,,en curso,218400,0,312983.89,0.0,3640,0,baja,3
455,Proy-2025-abraza,12,2025-06-19,2025-10-13,2025-06-17,,en curso,334080,0,472386.09,0.0,5568,0,media,3
456,Proy-2023-habilita,17,2023-05-07,2023-07-14,2023-05-04,2023-06-16,cancelado,182784,0,278204.89,0.0,3264,0,media,2
457,Proy-2018-libera,15,2018-04-17,2018-10-26,2018-04-24,2018-11-02,finalizado,565248,720774,747658.52,26884.52,12288,15669,baja,3
458,Proy-2023-extiende,10,2023-07-10,2024-04-28,2023-07-18,2024-06-21,finalizado,525056,576856,769556.52,192700.52,9376,10301,alta,3
459,Proy-2016-entrega,5,2016-06-15,2017-05-26,2016-06-23,2017-05-05,finalizado,463680,509334,610510.07,101176.07,11040,12127,alta,2
460,Proy-2024-escala,16,2024-08-20,2025-05-24,2024-08-17,2025-08-25,finalizado,385584,384134,511103.4,126969.4,6648,6623,alta,4
461,Proy-2024-cultiva,14,2024-07-29,2024-09-07,2024-07-28,2024-09-20,finalizado,55680,69194,86058.7,16864.7,960,1193,media,1
462,Proy-2022-modifica,6,2022-05-01,2022-08-05,2022-04-27,2022-08-20,finalizado,248832,298566,365044.52,66478.52,4608,5529,media,2
463,Proy-2019-habilita,17,2019-01-19,2019-03-06,2019-01-23,2019-03-23,finalizado,52992,52848,72132.89,19284.89,1104,1101,alta,3
464,Proy-2023-integra,18,2023-04-12,2023-11-05,2023-04-15,2023-10-29,finalizado,741888,731528,1180251.44,448723.44,13248,13063,baja,5
465,Proy-2021-optimiza,16,2021-11-27,2022-02-24,2021-11-26,2022-03-15,finalizado,222144,279864,354549.02,74685.02,4272,5382,media,3
466,Proy-2018-utiliza,6,2018-12-28,2019-10-29,2018-12-28,2019-11-03,finalizado,673440,609454,1019760.02,410306.02,14640,13249,media,5
467,Proy-2023-maneja,10,2023-11-27,2024-04-09,2023-12-04,2024-06-05,finalizado,480256,546056,745613.16,199557.16,8576,9751,alta,2
468,Proy-2020-revoluciona,5,2020-09-04,2020-12-11,2020-09-11,2021-01-11,finalizado,313600,285150,452760.2,167610.2,6272,5703,media,2
469,Proy-2023-extiende,8,2023-11-02,2024-05-08,2023-11-04,2024-06-08,finalizado,673792,731192,950372.47,219180.47,12032,13057,baja,2
470,Proy-2019-genera,13,2019-03-17,2019-07-21,2019-03-15,2019-07-25,finalizado,338688,306768,494532.2,187764.2,7056,6391,alta,4
471,Proy-2021-itera,14,2021-03-29,2021-08-10,2021-03-30,2021-09-26,finalizado,390208,416936,609731.45,192795.45,7504,8018,alta,1
472,Proy-2022-mejora,17,2022-09-24,2023-08-11,2022-09-19,2023-07-09,finalizado,554688,500094,770693.55,270599.55,10272,9261,alta,5
473,Proy-2022-maneja,8,2022-05-13,2022-09-27,2022-05-11,2022-11-03,finalizado,473472,547128,734518.36,187390.36,8768,10132,media,4
474,Proy-2022-incuba,3,2022-06-07,2022-12-23,2022-06-02,2022-12-04,finalizado,343872,357210,524431.32,167221.32,6368,6615,alta,5
475,Proy-2025-explota,4,2025-10-22,2026-08-19,2025-10-26,,en curso,866880,0,1273612.44,0.0,14448,0,alta,3
476,Proy-2025-extiende,20,2025-03-11,2026-01-12,2025-03-12,,en curso,1178880,0,1605620.87,0.0,19648,0,alta,5
477,Proy-2019-integra,11,2019-12-26,2020-10-15,2019-12-21,2021-02-02,finalizado,564480,705312,769720.57,64408.57,11760,14694,media,4
478,Proy-2017-transiciona,10,2017-02-09,2017-07-07,2017-02-06,2017-08-13,finalizado,312576,324324,479588.38,155264.38,7104,7371,media,2
479,Proy-2016-modifica,6,2016-10-18,2017-05-23,2016-10-14,2017-07-16,finalizado,510384,638526,812409.69,173883.69,12152,15203,baja,4
480,Proy-2024-maximiza,16,2024-10-21,2025-10-06,2024-10-19,2025-10-25,finalizado,487200,529250,722966.45,193716.45,8400,9125,baja,3
481,Proy-2018-cultiva,2,2018-12-13,2019-04-12,2018-12-17,2019-05-16,finalizado,264960,334282,397038.08,62756.08,5760,7267,baja,3
482,Proy-2022-transiciona,4,2022-05-04,2022-07-17,2022-05-01,2022-07-28,finalizado,159840,181332,249099.45,67767.45,2960,3358,media,4
483,Proy-2021-orquesta,12,2021-10-29,2022-08-17,2021-10-27,2022-09-19,finalizado,485888,523068,668879.99,145811.99,9344,10059,baja,4
484,Proy-2022-transiciona,16,2022-08-24,2023-06-23,2022-08-25,2023-06-11,finalizado,785376,950454,1245634.01,295180.01,14544,17601,baja,2
485,Proy-2017-implementa,13,2017-12-03,2018-09-11,2017-12-13,2018-12-29,finalizado,595584,632676,932004.6,299328.6,13536,14379,media,3
486,Proy-2018-compromete,14,2018-08-18,2019-08-14,2018-08-19,2019-07-04,cancelado,1062784,0,1444300.29,0.0,23104,0,baja,3
487,Proy-2021-maneja,11,2021-08-18,2021-12-04,2021-08-16,2021-12-14,finalizado,224640,280904,292275.15,11371.15,4320,5402,baja,5
488,Proy-2022-abraza,1,2022-04-04,2022-07-16,2022-04-01,2022-07-12,finalizado,311472,349596,416082.58,66486.58,5768,6474,media,5
489,Proy-2016-facilita,3,2016-01-01,2016-02-21,2016-01-09,2016-02-28,finalizado,85680,87864,131640.9,43776.9,2040,2092,media,3
490,Proy-2024-habilita,3,2024-07-05,2024-10-18,2024-07-01,2024-11-08,finalizado,194880,226838,279986.04,53148.04,3360,3911,media,1
491,Proy-2023-crece,17,2023-09-07,2024-07-14,2023-09-05,2024-08-10,finalizado,1114624,1352960,1737562.98,384602.98,19904,24160,baja,4
492,Proy-2024-genera,10,2024-12-27,2025-11-30,2024-12-26,,en curso,1254656,0,1847577.07,0.0,21632,0,alta,1
493,Proy-2016-mejora,18,2016-10-26,2016-12-14,2016-11-03,2017-01-05,finalizado,131712,157962,194085.1,36123.1,3136,3761,media,5
494,Proy-2025-empodera,12,2025-02-20,2025-09-27,2025-02-24,,en curso,630720,0,848999.14,0.0,10512,0,baja,2
495,Proy-2025-incuba,18,2025-11-23,2026-04-21,2025-11-24,2026-06-19,finalizado,357600,426240,511866.98,85626.98,5960,7104,alta,3
496,Proy-2022-recontextualiza,15,2022-10-07,2023-07-14,2022-10-10,2023-08-11,finalizado,604800,725598,794553.12,68955.12,11200,13437,alta,5
497,Proy-2021-fortalece,12,2021-04-23,2022-01-25,2021-04-25,2022-04-29,finalizado,921856,943540,1219675.3,276135.3,17728,18145,alta,4
498,Proy-2016-evoluciona,14,2016-05-31,2016-10-21,2016-05-28,2016-08-17,cancelado,384384,0,586282.79,0.0,9152,0,media,3
499,Proy-2022-agrega,14,2022-03-12,2022-05-01,2022-03-11,2022-05-18,finalizado,172800,178848,232907.51,54059.51,3200,3312,media,2
500,Proy-2016-genera,14,2016-09-10,2017-04-25,2016-09-16,2017-04-08,finalizado,533904,690102,798103.45,108001.45,12712,16431,baja,3
