id_proyecto,nombre_proyecto,tipo_prioridad,fecha_inicio_planificada,fecha_fin_planificada
1,Proy-2019-visualiza,media,2019-05-01,2019-08-05
2,Proy-2022-crece,alta,2022-10-18,2023-09-29
3,Proy-2019-sinergiza,alta,2019-07-27,2020-02-11
4,Proy-2016-redefine,baja,2016-03-25,2016-12-10
5,Proy-2022-empodera,media,2022-08-24,2022-10-25
6,Proy-2016-innova,alta,2016-11-03,2017-01-10
7,Proy-2023-habilita,media,2023-07-31,2024-01-28
8,Proy-2020-implementa,baja,2020-03-06,2020-11-23
9,Proy-2020-incentiva,media,2020-07-06,2020-10-15
11,Proy-2017-implementa,media,2017-02-07,2017-12-12
12,Proy-2020-abraza,baja,2020-06-22,2020-11-25
13,Proy-2016-abraza,baja,2016-11-20,2017-08-10
14,Proy-2022-redefine,media,2022-12-15,2023-02-18
15,Proy-2017-modifica,baja,2017-05-23,2018-01-19
16,Proy-2016-incentiva,media,2016-05-01,2017-02-10
17,Proy-2021-compromete,media,2021-05-17,2022-02-07
18,Proy-2022-transforma,baja,2022-05-08,2022-09-23
19,Proy-2020-maximiza,media,2020-09-19,2021-01-18
20,Proy-2017-crece,media,2017-09-07,2017-11-05
21,Proy-2016-utiliza,baja,2016-09-03,2017-06-06
22,Proy-2020-incentiva,media,2020-11-22,2021-07-13
23,Proy-2019-visualiza,media,2019-09-04,2020-05-02
24,Proy-2017-transforma,baja,2017-02-07,2017-07-16
25,Proy-2017-compromete,baja,2017-09-01,2018-07-19
26,Proy-2023-empodera,alta,2023-07-15,2024-01-21
27,Proy-2022-transiciona,baja,2022-08-10,2023-01-04
28,Proy-2024-incuba,media,2024-05-07,2025-04-28
29,Proy-2020-utiliza,media,2020-12-09,2021-05-24
30,Proy-2017-maneja,baja,2017-08-16,2018-04-20
32,Proy-2024-reinventa,media,2024-06-25,2024-10-15
33,Proy-2021-habilita,baja,2021-10-12,2022-06-30
34,Proy-2017-maximiza,alta,2017-08-18,2018-05-04
35,Proy-2022-mezcla,media,2022-06-24,2023-02-13
36,Proy-2023-compromete,alta,2023-04-10,2023-06-25
38,Proy-2025-transiciona,media,2025-01-01,2025-06-01
39,Proy-2024-revoluciona,alta,2024-08-05,2025-07-18
40,Proy-2020-implementa,alta,2020-02-28,2020-08-28
41,Proy-2024-innova,baja,2024-08-18,2024-12-04
42,Proy-2019-integra,baja,2019-10-07,2020-06-06
43,Proy-2023-entrega,alta,2023-01-26,2023-07-15
44,Proy-2023-libera,alta,2023-07-27,2023-10-10
45,Proy-2015-cultiva,alta,2015-12-21,2016-04-25
46,Proy-2024-maximiza,media,2024-07-08,2025-04-27
47,Proy-2018-recontextualiza,baja,2018-12-12,2019-06-06
48,Proy-2024-monetiza,alta,2024-02-03,2024-11-10
49,Proy-2016-revoluciona,alta,2016-09-02,2017-01-09
50,Proy-2022-implementa,alta,2022-11-16,2023-10-17
51,Proy-2020-explota,baja,2020-12-30,2021-02-05
52,Proy-2021-maximiza,baja,2021-04-20,2022-04-16
53,Proy-2016-modifica,baja,2016-07-04,2017-02-06
54,Proy-2019-evoluciona,media,2019-08-18,2019-12-29
55,Proy-2017-explota,alta,2017-05-26,2018-02-22
56,Proy-2017-evoluciona,alta,2017-06-11,2018-03-25
57,Proy-2025-mejora,alta,2025-06-28,2026-05-19
58,Proy-2021-fortalece,media,2021-09-30,2022-05-01
59,Proy-2021-crece,alta,2021-08-29,2022-05-25
60,Proy-2018-monetiza,alta,2018-08-10,2018-09-26
61,Proy-2016-agrega,media,2016-07-28,2016-09-08
62,Proy-2021-sintetiza,alta,2021-03-24,2021-07-21
63,Proy-2021-crea,alta,2021-01-05,2021-07-24
64,Proy-2024-recontextualiza,media,2024-10-15,2024-12-27
65,Proy-2021-habilita,baja,2021-02-07,2021-07-25
66,Proy-2016-optimiza,alta,2016-09-14,2017-01-13
67,Proy-2023-agrega,alta,2023-02-03,2023-09-13
68,Proy-2020-mezcla,baja,2020-04-03,2021-01-14
69,Proy-2019-sintetiza,alta,2019-10-01,2020-09-05
70,Proy-2019-genera,media,2019-06-20,2019-11-05
71,Proy-2023-genera,media,2023-04-24,2024-02-12
72,Proy-2019-modifica,baja,2019-05-31,2019-10-09
73,Proy-2017-facilita,media,2017-09-11,2017-11-07
74,Proy-2020-reinventa,media,2020-01-10,2020-03-11
75,Proy-2024-entrega,baja,2024-07-30,2025-01-28
76,Proy-2016-incuba,alta,2016-10-17,2017-05-17
77,Proy-2020-entrega,alta,2020-08-02,2021-04-24
78,Proy-2021-empodera,media,2021-01-29,2021-03-20
79,Proy-2022-abraza,alta,2022-03-20,2022-09-05
80,Proy-2018-explota,media,2018-04-01,2019-03-07
81,Proy-2018-revoluciona,media,2018-08-19,2019-06-12
82,Proy-2019-cultiva,media,2019-07-13,2020-05-01
83,Proy-2024-entrega,alta,2024-01-22,2024-04-18
84,Proy-2016-transiciona,baja,2016-11-21,2017-01-11
85,Proy-2021-monetiza,alta,2021-12-24,2022-12-12
86,Proy-2020-implementa,alta,2020-04-30,2021-03-28
87,Proy-2018-mezcla,media,2018-03-13,2018-11-11
88,Proy-2017-incentiva,baja,2017-05-30,2018-01-05
89,Proy-2018-incentiva,media,2018-05-28,2018-11-25
90,Proy-2018-explota,alta,2018-12-25,2019-07-11
91,Proy-2018-itera,media,2018-12-09,2019-04-21
92,Proy-2016-visualiza,alta,2016-10-04,2017-05-15
93,Proy-2019-evoluciona,alta,2019-05-08,2019-12-08
94,Proy-2017-sintetiza,alta,2017-06-12,2017-11-06
95,Proy-2018-cultiva,alta,2018-05-25,2018-09-13
96,Proy-2024-visualiza,alta,2024-03-01,2024-06-01
97,Proy-2024-sintetiza,media,2024-04-20,2024-10-04
98,Proy-2017-entrega,media,2017-04-21,2017-11-25
99,Proy-2023-facilita,alta,2023-03-10,2023-08-29
100,Proy-2023-explota,alta,2023-05-11,2023-12-06
101,Proy-2020-evoluciona,media,2020-03-27,2021-03-16
102,Proy-2022-extiende,alta,2022-11-02,2023-10-18
103,Proy-2019-agrega,alta,2019-01-12,2019-12-01
104,Proy-2017-redefine,baja,2017-12-12,2018-01-31
105,Proy-2016-mejora,baja,2016-05-31,2016-12-07
106,Proy-2017-habilita,baja,2017-01-26,2017-06-08
107,Proy-2024-empodera,alta,2024-09-16,2024-11-21
108,Proy-2025-sintetiza,alta,2025-04-26,2026-03-26
109,Proy-2021-facilita,baja,2021-02-19,2021-10-02
110,Proy-2015-innova,alta,2015-12-12,2016-08-02
111,Proy-2019-utiliza,alta,2019-03-20,2019-06-27
112,Proy-2021-empodera,baja,2021-09-24,2022-04-30
113,Proy-2020-monetiza,baja,2020-06-07,2020-12-09
114,Proy-2022-integra,baja,2022-11-09,2023-08-23
115,Proy-2024-revoluciona,media,2024-08-26,2024-09-28
116,Proy-2019-transforma,media,2019-09-17,2020-05-19
117,Proy-2024-implementa,media,2024-07-30,2024-10-26
118,Proy-2019-extiende,baja,2019-01-07,2019-08-05
119,Proy-2018-transiciona,media,2018-10-05,2019-09-08
120,Proy-2017-incuba,alta,2017-09-22,2018-04-07
121,Proy-2017-sinergiza,baja,2017-06-06,2017-07-28
122,Proy-2018-transiciona,baja,2018-01-24,2018-12-22
123,Proy-2019-revoluciona,media,2019-09-18,2019-12-15
124,Proy-2018-modifica,media,2018-02-14,2019-02-07
125,Proy-2020-modifica,media,2020-08-01,2021-06-30
126,Proy-2024-innova,media,2024-04-21,2024-06-30
127,Proy-2019-incuba,alta,2019-12-06,2020-02-26
128,Proy-2019-reinventa,baja,2019-11-14,2020-01-05
129,Proy-2020-evoluciona,baja,2020-01-17,2021-01-06
130,Proy-2022-abraza,baja,2022-09-18,2022-12-21
131,Proy-2016-escala,media,2016-03-19,2016-09-10
132,Proy-2017-facilita,baja,2017-05-16,2017-12-18
133,Proy-2019-utiliza,alta,2019-11-14,2020-08-22
134,Proy-2019-empodera,media,2019-02-27,2019-06-25
135,Proy-2016-incuba,alta,2016-01-01,2016-11-04
136,Proy-2018-optimiza,baja,2018-05-30,2018-07-16
137,Proy-2021-incuba,baja,2021-06-15,2022-03-29
138,Proy-2018-integra,baja,2018-03-19,2018-10-02
140,Proy-2023-escala,media,2023-08-28,2023-11-10
141,Proy-2016-sinergiza,media,2016-02-15,2016-06-14
142,Proy-2016-redefine,media,2016-11-03,2017-07-26
143,Proy-2024-entrega,media,2024-11-17,2025-01-26
144,Proy-2016-mejora,baja,2016-01-08,2016-12-31
145,Proy-2021-sinergiza,alta,2021-04-25,2021-07-24
146,Proy-2024-redefine,alta,2024-01-14,2024-03-28
147,Proy-2018-reinventa,baja,2018-05-19,2019-02-18
148,Proy-2024-transforma,alta,2024-11-16,2025-05-02
150,Proy-2022-recontextualiza,media,2022-07-04,2023-02-15
151,Proy-2019-innova,alta,2019-11-25,2020-07-26
152,Proy-2025-libera,media,2025-03-21,2025-04-29
153,Proy-2015-crece,baja,2015-12-07,2016-09-21
154,Proy-2021-compromete,media,2021-07-23,2021-10-19
155,Proy-2017-innova,media,2017-01-04,2017-03-31
156,Proy-2018-escala,baja,2018-11-04,2019-10-02
157,Proy-2018-habilita,baja,2018-04-14,2019-03-09
158,Proy-2024-mezcla,baja,2024-08-28,2025-02-22
159,Proy-2021-mezcla,baja,2021-03-18,2021-09-29
160,Proy-2019-facilita,alta,2019-02-24,2020-02-11
161,Proy-2016-maximiza,baja,2016-09-06,2017-08-08
162,Proy-2022-transiciona,baja,2022-01-07,2022-03-24
164,Proy-2017-utiliza,media,2017-10-17,2018-07-10
165,Proy-2022-recontextualiza,baja,2022-12-04,2023-03-24
166,Proy-2016-compromete,alta,2016-05-26,2017-03-05
167,Proy-2020-transiciona,media,2020-11-11,2021-05-09
168,Proy-2018-redefine,baja,2018-05-02,2018-11-16
169,Proy-2019-itera,baja,2019-10-19,2020-06-07
170,Proy-2016-mezcla,media,2016-11-07,2017-06-27
171,Proy-2019-entrega,alta,2019-01-09,2019-10-29
172,Proy-2016-innova,media,2016-06-19,2016-09-30
173,Proy-2017-compromete,baja,2017-03-10,2017-04-13
174,Proy-2019-innova,media,2019-12-13,2020-10-21
175,Proy-2016-modifica,media,2016-09-26,2017-01-17
176,Proy-2025-incuba,alta,2025-04-16,2025-05-30
178,Proy-2021-extiende,alta,2021-03-10,2021-12-31
179,Proy-2016-transforma,media,2016-01-21,2016-12-29
180,Proy-2018-entrega,media,2018-10-24,2019-07-20
181,Proy-2020-compromete,media,2020-12-25,2021-07-14
182,Proy-2024-revoluciona,media,2024-07-17,2025-04-05
183,Proy-2021-implementa,baja,2021-09-19,2022-07-27
184,Proy-2017-libera,media,2017-10-28,2018-01-13
185,Proy-2016-evoluciona,baja,2016-02-08,2016-03-27
186,Proy-2020-empodera,media,2020-10-30,2021-09-11
187,Proy-2021-extiende,media,2021-11-09,2022-06-17
188,Proy-2022-transiciona,alta,2022-04-02,2022-10-15
189,Proy-2019-orquesta,baja,2019-06-20,2019-08-18
190,Proy-2016-sinergiza,alta,2016-08-02,2017-03-08
191,Proy-2019-abraza,media,2019-10-23,2020-04-26
192,Proy-2023-modifica,media,2023-03-13,2023-08-16
193,Proy-2017-empodera,alta,2017-09-30,2018-07-29
194,Proy-2020-redefine,alta,2020-01-16,2020-09-25
195,Proy-2023-orquesta,alta,2023-07-15,2024-03-28
196,Proy-2022-utiliza,baja,2022-05-24,2023-02-09
197,Proy-2019-itera,media,2019-06-30,2020-05-21
198,Proy-2024-monetiza,media,2024-03-13,2025-03-01
200,Proy-2017-fortalece,baja,2017-06-13,2017-12-29
201,Proy-2022-habilita,alta,2022-04-29,2022-10-21
202,Proy-2023-facilita,alta,2023-08-01,2024-07-08
203,Proy-2023-incuba,alta,2023-10-19,2024-08-27
204,Proy-2018-orquesta,media,2018-01-28,2018-03-08
205,Proy-2025-compromete,media,2025-05-13,2025-07-30
206,Proy-2025-entrega,media,2025-05-31,2026-01-04
208,Proy-2021-cultiva,media,2021-12-09,2022-02-05
209,Proy-2020-transforma,alta,2020-11-16,2021-09-21
210,Proy-2024-cultiva,media,2024-04-26,2025-03-19
211,Proy-2024-entrega,baja,2024-01-10,2024-03-21
213,Proy-2016-fortalece,media,2016-08-22,2017-03-28
214,Proy-2016-transforma,alta,2016-06-06,2017-03-14
215,Proy-2020-redefine,alta,2020-10-11,2021-07-18
216,Proy-2018-cultiva,alta,2018-09-12,2019-06-07
217,Proy-2017-mejora,alta,2017-09-10,2018-01-26
218,Proy-2017-reinventa,media,2017-06-15,2018-04-10
219,Proy-2016-revoluciona,baja,2016-05-05,2016-07-23
220,Proy-2017-abraza,alta,2017-11-14,2018-01-03
221,Proy-2023-facilita,alta,2023-03-06,2023-06-25
222,Proy-2019-transiciona,baja,2019-07-31,2019-09-06
223,Proy-2021-redefine,media,2021-03-18,2022-03-07
224,Proy-2020-reinventa,media,2020-07-21,2020-12-07
225,Proy-2017-extiende,baja,2017-09-13,2018-01-14
226,Proy-2020-compromete,media,2020-02-14,2020-10-03
227,Proy-2016-evoluciona,media,2016-11-19,2016-12-30
228,Proy-2020-fortalece,baja,2020-05-13,2020-08-11
229,Proy-2022-abraza,alta,2022-04-14,2023-03-06
232,Proy-2021-utiliza,baja,2021-03-11,2021-12-30
233,Proy-2023-escala,media,2023-12-14,2024-01-16
234,Proy-2020-recontextualiza,alta,2020-11-08,2021-08-17
235,Proy-2018-mejora,media,2018-08-30,2019-06-07
236,Proy-2019-maximiza,alta,2019-02-24,2019-10-23
237,Proy-2018-abraza,media,2018-12-26,2019-12-08
238,Proy-2017-itera,alta,2017-10-16,2018-04-29
239,Proy-2021-incuba,media,2021-09-07,2021-11-22
240,Proy-2023-genera,baja,2023-01-12,2023-08-06
241,Proy-2021-implementa,alta,2021-02-27,2021-05-08
242,Proy-2019-orquesta,alta,2019-03-03,2019-10-14
243,Proy-2018-transforma,baja,2018-04-04,2018-11-22
244,Proy-2023-orquesta,baja,2023-03-30,2024-03-16
245,Proy-2023-transforma,alta,2023-01-03,2023-07-05
246,Proy-2016-mezcla,alta,2016-08-11,2017-07-01
247,Proy-2015-modifica,media,2015-11-29,2016-10-06
248,Proy-2022-recontextualiza,alta,2022-05-04,2022-12-11
250,Proy-2024-sintetiza,media,2024-08-30,2025-02-04
251,Proy-2023-evoluciona,media,2023-10-04,2024-01-30
252,Proy-2018-mezcla,media,2018-04-19,2018-07-11
253,Proy-2024-sinergiza,alta,2024-09-28,2025-01-26
254,Proy-2016-visualiza,baja,2016-05-21,2017-04-02
255,Proy-2017-redefine,baja,2017-01-02,2017-04-07
256,Proy-2018-cultiva,media,2018-05-03,2018-07-02
257,Proy-2021-entrega,baja,2021-06-01,2021-08-17
258,Proy-2016-extiende,alta,2016-11-05,2017-05-09
259,Proy-2024-mejora,baja,2024-06-25,2025-05-17
260,Proy-2016-evoluciona,alta,2016-06-03,2016-10-16
261,Proy-2025-utiliza,baja,2025-11-12,2026-06-14
262,Proy-2022-optimiza,baja,2022-02-03,2022-04-10
263,Proy-2019-mezcla,baja,2019-05-31,2020-02-11
264,Proy-2016-crece,baja,2016-03-28,2016-10-27
265,Proy-2021-evoluciona,media,2021-07-28,2022-02-10
266,Proy-2018-visualiza,alta,2018-06-03,2018-11-02
267,Proy-2016-explota,baja,2016-08-07,2017-01-25
268,Proy-2023-utiliza,alta,2023-07-12,2023-11-08
269,Proy-2019-cultiva,baja,2019-02-22,2019-12-18
270,Proy-2019-redefine,baja,2019-05-17,2020-01-16
271,Proy-2020-habilita,baja,2020-08-24,2021-08-05
272,Proy-2017-itera,alta,2017-02-15,2017-03-26
273,Proy-2018-implementa,media,2018-07-09,2018-10-20
274,Proy-2020-transforma,baja,2020-01-14,2020-07-07
275,Proy-2019-transiciona,alta,2019-11-12,2020-02-21
276,Proy-2022-redefine,media,2022-09-19,2022-10-25
277,Proy-2019-cultiva,baja,2019-03-10,2019-06-24
278,Proy-2019-abraza,baja,2019-12-17,2020-07-12
279,Proy-2017-incuba,media,2017-07-07,2018-01-15
280,Proy-2018-facilita,media,2018-09-02,2018-11-11
281,Proy-2016-modifica,media,2016-09-27,2016-11-24
282,Proy-2017-transiciona,media,2017-09-20,2018-03-03
283,Proy-2024-transforma,alta,2024-02-15,2024-06-30
284,Proy-2018-incentiva,media,2018-10-16,2019-04-15
286,Proy-2019-incentiva,baja,2019-10-24,2020-05-05
287,Proy-2016-sinergiza,media,2016-08-03,2017-07-11
288,Proy-2024-extiende,media,2024-05-08,2024-12-31
289,Proy-2021-habilita,media,2021-05-30,2021-12-30
290,Proy-2023-monetiza,media,2023-07-16,2023-09-02
291,Proy-2024-utiliza,media,2024-03-11,2024-08-11
292,Proy-2018-innova,media,2018-02-10,2018-12-16
293,Proy-2021-agrega,baja,2021-10-08,2022-04-24
294,Proy-2019-incuba,alta,2019-09-01,2020-01-01
295,Proy-2021-recontextualiza,media,2021-07-15,2021-12-17
296,Proy-2023-redefine,media,2023-09-06,2024-03-19
298,Proy-2020-incuba,baja,2020-12-21,2021-05-17
299,Proy-2018-revoluciona,baja,2018-02-15,2018-07-24
300,Proy-2023-transiciona,media,2023-09-26,2024-01-21
301,Proy-2020-abraza,media,2020-12-26,2021-07-05
302,Proy-2017-reinventa,media,2017-08-05,2017-11-18
303,Proy-2023-empodera,media,2023-02-05,2023-03-17
304,Proy-2024-revoluciona,baja,2024-08-17,2025-03-04
305,Proy-2020-mezcla,baja,2020-11-01,2020-12-22
306,Proy-2024-entrega,baja,2024-06-23,2024-09-08
307,Proy-2018-modifica,alta,2018-06-22,2019-01-11
308,Proy-2022-utiliza,media,2022-01-05,2022-09-08
309,Proy-2018-maneja,alta,2018-10-14,2019-08-02
310,Proy-2017-compromete,baja,2017-12-20,2018-12-20
311,Proy-2016-incentiva,alta,2016-10-05,2017-01-28
312,Proy-2024-revoluciona,media,2024-09-26,2025-06-12
313,Proy-2017-incentiva,media,2017-06-10,2018-05-31
314,Proy-2016-libera,baja,2016-02-13,2016-08-24
315,Proy-2016-implementa,baja,2016-06-01,2017-02-05
316,Proy-2023-compromete,alta,2023-04-05,2024-03-02
317,Proy-2016-facilita,media,2016-10-01,2017-09-01
318,Proy-2021-entrega,media,2021-06-16,2021-08-28
319,Proy-2025-extiende,baja,2025-11-11,2025-12-31
320,Proy-2019-compromete,baja,2019-02-16,2019-04-20
321,Proy-2019-crece,baja,2019-04-23,2020-02-04
322,Proy-2019-optimiza,baja,2019-01-05,2019-10-12
323,Proy-2025-maximiza,baja,2025-06-26,2025-09-04
324,Proy-2020-integra,media,2020-04-14,2021-04-05
325,Proy-2022-orquesta,baja,2022-11-19,2023-08-13
326,Proy-2016-facilita,alta,2016-02-05,2016-03-23
327,Proy-2023-entrega,alta,2023-03-10,2024-02-13
328,Proy-2021-libera,baja,2021-09-16,2022-06-22
329,Proy-2018-mezcla,media,2018-08-06,2018-09-26
330,Proy-2019-genera,baja,2019-04-25,2020-04-23
331,Proy-2017-itera,media,2017-04-22,2018-01-02
332,Proy-2016-redefine,baja,2016-12-21,2017-02-04
333,Proy-2017-sinergiza,baja,2017-05-17,2017-08-03
334,Proy-2019-innova,media,2019-11-06,2020-09-20
335,Proy-2019-itera,baja,2019-03-22,2020-02-28
336,Proy-2017-itera,baja,2017-03-21,2017-07-20
337,Proy-2022-implementa,alta,2022-11-07,2023-07-20
338,Proy-2020-innova,media,2020-06-10,2020-12-25
339,Proy-2016-habilita,alta,2016-04-22,2017-01-08
340,Proy-2017-itera,baja,2017-01-09,2017-08-24
341,Proy-2022-incuba,media,2022-11-30,2023-07-04
342,Proy-2018-orquesta,baja,2018-10-21,2018-11-28
344,Proy-2019-mejora,alta,2019-10-25,2020-03-06
345,Proy-2017-transiciona,media,2017-01-20,2017-06-08
346,Proy-2018-libera,media,2018-01-20,2018-11-14
347,Proy-2019-incuba,baja,2019-11-10,2020-06-05
348,Proy-2021-incuba,alta,2021-12-02,2022-08-11
349,Proy-2017-incuba,media,2017-01-10,2017-03-23
350,Proy-2020-escala,media,2020-06-23,2021-06-22
351,Proy-2016-redefine,alta,2016-11-28,2017-02-04
352,Proy-2022-habilita,alta,2022-05-04,2022-09-20
353,Proy-2018-visualiza,media,2018-06-16,2018-11-25
354,Proy-2022-maximiza,media,2022-08-27,2023-04-06
355,Proy-2020-cultiva,media,2020-09-03,2021-03-14
356,Proy-2021-monetiza,baja,2021-03-27,2022-01-22
357,Proy-2023-fortalece,media,2023-03-15,2023-08-21
358,Proy-2024-transforma,alta,2024-10-22,2025-02-23
359,Proy-2024-cultiva,alta,2024-03-20,2024-10-12
360,Proy-2019-redefine,media,2019-10-19,2020-05-03
361,Proy-2022-mejora,baja,2022-02-23,2022-05-21
362,Proy-2019-itera,baja,2019-10-04,2020-08-18
363,Proy-2020-incuba,baja,2020-12-04,2021-10-09
364,Proy-2019-libera,baja,2019-02-13,2020-01-22
365,Proy-2023-integra,media,2023-05-14,2024-04-11
366,Proy-2024-incentiva,alta,2024-02-22,2024-06-06
367,Proy-2024-transforma,baja,2024-02-24,2024-03-26
368,Proy-2017-integra,baja,2017-12-20,2018-06-17
369,Proy-2021-empodera,media,2021-12-04,2022-04-06
370,Proy-2024-libera,baja,2024-10-01,2025-02-01
371,Proy-2022-extiende,alta,2022-03-10,2022-12-20
373,Proy-2025-redefine,baja,2025-06-16,2026-02-05
374,Proy-2018-empodera,baja,2018-10-06,2019-02-04
375,Proy-2017-entrega,baja,2017-10-23,2018-08-12
376,Proy-2018-mejora,baja,2018-04-25,2018-07-23
377,Proy-2022-modifica,baja,2022-07-18,2022-10-25
379,Proy-2021-implementa,alta,2021-04-08,2021-08-22
380,Proy-2018-fortalece,baja,2018-02-11,2019-01-12
381,Proy-2020-genera,alta,2020-05-13,2021-03-23
382,Proy-2021-explota,baja,2021-05-17,2022-04-23
384,Proy-2023-fortalece,media,2023-03-27,2024-02-11
385,Proy-2024-redefine,baja,2024-09-26,2024-11-10
386,Proy-2019-explota,baja,2019-02-07,2019-11-17
387,Proy-2018-libera,alta,2018-04-21,2019-02-22
388,Proy-2021-crea,media,2021-11-11,2022-01-13
389,Proy-2021-incentiva,baja,2021-11-26,2022-10-21
390,Proy-2020-crece,baja,2020-12-18,2021-10-25
391,Proy-2020-crea,alta,2020-11-26,2021-03-28
392,Proy-2021-sintetiza,alta,2021-08-26,2022-04-16
393,Proy-2021-optimiza,alta,2021-08-12,2022-05-21
394,Proy-2021-extiende,baja,2021-04-28,2021-07-01
395,Proy-2019-mejora,alta,2019-10-11,2019-11-30
396,Proy-2023-optimiza,baja,2023-03-16,2023-08-08
397,Proy-2024-extiende,alta,2024-10-07,2025-09-29
398,Proy-2016-agrega,media,2016-09-08,2017-01-14
399,Proy-2020-reinventa,alta,2020-11-28,2021-11-20
400,Proy-2023-crea,baja,2023-10-04,2023-11-18
401,Proy-2015-entrega,media,2015-12-27,2016-06-04
402,Proy-2020-habilita,baja,2020-04-13,2020-11-02
403,Proy-2022-maneja,alta,2022-08-30,2023-07-08
404,Proy-2016-mezcla,baja,2016-08-14,2016-11-11
405,Proy-2016-sinergiza,media,2016-01-19,2017-01-14
406,Proy-2018-crece,baja,2018-06-27,2019-01-20
407,Proy-2019-sintetiza,baja,2019-11-22,2020-02-11
408,Proy-2021-redefine,alta,2021-01-24,2021-11-16
409,Proy-2017-itera,media,2017-01-03,2017-09-20
410,Proy-2020-itera,alta,2020-04-17,2021-01-14
411,Proy-2016-visualiza,baja,2016-02-18,2016-07-04
412,Proy-2016-extiende,baja,2016-05-10,2017-02-15
413,Proy-2018-itera,alta,2018-10-30,2019-02-25
414,Proy-2019-integra,alta,2019-04-09,2019-11-03
415,Proy-2022-crece,alta,2022-06-28,2023-03-05
416,Proy-2016-orquesta,media,2016-03-18,2016-06-15
417,Proy-2019-monetiza,media,2019-08-04,2019-10-09
418,Proy-2023-fortalece,baja,2023-06-07,2024-05-02
419,Proy-2025-agrega,media,2025-04-02,2026-01-28
420,Proy-2016-mejora,media,2016-09-08,2016-12-19
421,Proy-2021-redefine,alta,2021-11-02,2021-12-28
422,Proy-2024-reinventa,alta,2024-01-13,2024-09-18
423,Proy-2015-incentiva,alta,2015-12-15,2016-07-20
424,Proy-2017-innova,alta,2017-04-24,2017-07-08
425,Proy-2024-explota,media,2024-10-29,2025-03-15
427,Proy-2021-orquesta,alta,2021-10-11,2022-06-07
428,Proy-2022-monetiza,alta,2022-07-25,2023-05-04
429,Proy-2024-integra,alta,2024-04-19,2024-06-22
430,Proy-2018-modifica,alta,2018-10-30,2018-12-11
431,Proy-2020-maximiza,alta,2020-03-21,2020-10-04
432,Proy-2017-abraza,baja,2017-06-04,2017-07-10
433,Proy-2025-crece,media,2025-01-31,2025-09-18
434,Proy-2025-implementa,alta,2025-08-03,2026-05-11
435,Proy-2022-transforma,media,2022-09-12,2023-06-03
436,Proy-2023-explota,media,2023-05-16,2024-02-20
437,Proy-2021-libera,alta,2021-04-27,2021-06-02
438,Proy-2019-crea,alta,2019-10-01,2020-03-05
439,Proy-2018-incuba,alta,2018-04-19,2018-09-09
440,Proy-2021-reinventa,media,2021-09-01,2022-05-09
441,Proy-2019-empodera,media,2019-04-18,2019-10-01
442,Proy-2020-innova,baja,2020-01-17,2020-03-03
443,Proy-2021-recontextualiza,media,2021-08-12,2021-10-29
444,Proy-2020-orquesta,baja,2020-09-26,2021-01-18
445,Proy-2024-incuba,media,2024-12-14,2025-06-25
446,Proy-2022-habilita,media,2022-09-16,2023-01-05
447,Proy-2021-incuba,media,2021-06-21,2022-05-16
448,Proy-2017-orquesta,alta,2017-10-27,2018-07-22
449,Proy-2017-visualiza,media,2017-05-27,2018-02-28
451,Proy-2019-integra,baja,2019-10-22,2020-05-08
452,Proy-2016-orquesta,alta,2016-08-09,2017-03-20
453,Proy-2017-integra,baja,2017-02-09,2017-04-11
456,Proy-2023-habilita,media,2023-05-07,2023-07-14
457,Proy-2018-libera,baja,2018-04-17,2018-10-26
458,Proy-2023-extiende,alta,2023-07-10,2024-04-28
459,Proy-2016-entrega,alta,2016-06-15,2017-05-26
460,Proy-2024-escala,alta,2024-08-20,2025-05-24
461,Proy-2024-cultiva,media,2024-07-29,2024-09-07
462,Proy-2022-modifica,media,2022-05-01,2022-08-05
463,Proy-2019-habilita,alta,2019-01-19,2019-03-06
464,Proy-2023-integra,baja,2023-04-12,2023-11-05
465,Proy-2021-optimiza,media,2021-11-27,2022-02-24
466,Proy-2018-utiliza,media,2018-12-28,2019-10-29
467,Proy-2023-maneja,alta,2023-11-27,2024-04-09
468,Proy-2020-revoluciona,media,2020-09-04,2020-12-11
469,Proy-2023-extiende,baja,2023-11-02,2024-05-08
470,Proy-2019-genera,alta,2019-03-17,2019-07-21
471,Proy-2021-itera,alta,2021-03-29,2021-08-10
472,Proy-2022-mejora,alta,2022-09-24,2023-08-11
473,Proy-2022-maneja,media,2022-05-13,2022-09-27
474,Proy-2022-incuba,alta,2022-06-07,2022-12-23
477,Proy-2019-integra,media,2019-12-26,2020-10-15
478,Proy-2017-transiciona,media,2017-02-09,2017-07-07
479,Proy-2016-modifica,baja,2016-10-18,2017-05-23
480,Proy-2024-maximiza,baja,2024-10-21,2025-10-06
481,Proy-2018-cultiva,baja,2018-12-13,2019-04-12
482,Proy-2022-transiciona,media,2022-05-04,2022-07-17
483,Proy-2021-orquesta,baja,2021-10-29,2022-08-17
484,Proy-2022-transiciona,baja,2022-08-24,2023-06-23
485,Proy-2017-implementa,media,2017-12-03,2018-09-11
486,Proy-2018-compromete,baja,2018-08-18,2019-08-14
487,Proy-2021-maneja,baja,2021-08-18,2021-12-04
488,Proy-2022-abraza,media,2022-04-04,2022-07-16
489,Proy-2016-facilita,media,2016-01-01,2016-02-21
490,Proy-2024-habilita,media,2024-07-05,2024-10-18
491,Proy-2023-crece,baja,2023-09-07,2024-07-14
493,Proy-2016-mejora,media,2016-10-26,2016-12-14
495,Proy-2025-incuba,alta,2025-11-23,2026-04-21
496,Proy-2022-recontextualiza,alta,2022-10-07,2023-07-14
497,Proy-2021-fortalece,alta,2021-04-23,2022-01-25
498,Proy-2016-evoluciona,media,2016-05-31,2016-10-21
499,Proy-2022-agrega,media,2022-03-12,2022-05-01
500,Proy-2016-genera,baja,2016-09-10,2017-04-25
